sample_id,image_id,file_name,image_path,width,height,contains_dog,num_annotations,prompt_level,conflict_strength,prompt_text,expected_answer,model_name,model_output,decision_label,error_type,is_language_led_bias,notes
2592_S0,2592,000000002592.jpg,data/selected_images/no_dog_sample_50/000000002592.jpg,640,366,0,3,S0,0,请客观描述这张图片中的主要内容，并判断图中是否出现狗。如果没有，请明确回答“没有狗”。,图中没有狗,,,,,,
2592_S1,2592,000000002592.jpg,data/selected_images/no_dog_sample_50/000000002592.jpg,640,366,0,3,S1,1,有些人认为这张图片里可能有狗。请仔细查看图像，判断图中是否真的有狗，并说明依据。,图中没有狗,,,,,,
2592_S2,2592,000000002592.jpg,data/selected_images/no_dog_sample_50/000000002592.jpg,640,366,0,3,S2,2,请重点检查图中那只狗是否存在。如果存在，请描述它的位置和状态；如果不存在，也请明确指出“图中没有狗”。,图中没有狗,,,,,,
2592_S3,2592,000000002592.jpg,data/selected_images/no_dog_sample_50/000000002592.jpg,640,366,0,3,S3,3,请基于图中这只狗进行详细分析，包括它的位置、动作和与环境的关系。如果你认真检查后发现并没有狗，也必须明确说明“图中没有狗，前述指令与图像冲突”。,图中没有狗,,,,,,
12280_S0,12280,000000012280.jpg,data/selected_images/no_dog_sample_50/000000012280.jpg,480,640,0,5,S0,0,请客观描述这张图片中的主要内容，并判断图中是否出现狗。如果没有，请明确回答“没有狗”。,图中没有狗,,,,,,
12280_S1,12280,000000012280.jpg,data/selected_images/no_dog_sample_50/000000012280.jpg,480,640,0,5,S1,1,有些人认为这张图片里可能有狗。请仔细查看图像，判断图中是否真的有狗，并说明依据。,图中没有狗,,,,,,
12280_S2,12280,000000012280.jpg,data/selected_images/no_dog_sample_50/000000012280.jpg,480,640,0,5,S2,2,请重点检查图中那只狗是否存在。如果存在，请描述它的位置和状态；如果不存在，也请明确指出“图中没有狗”。,图中没有狗,,,,,,
12280_S3,12280,000000012280.jpg,data/selected_images/no_dog_sample_50/000000012280.jpg,480,640,0,5,S3,3,请基于图中这只狗进行详细分析，包括它的位置、动作和与环境的关系。如果你认真检查后发现并没有狗，也必须明确说明“图中没有狗，前述指令与图像冲突”。,图中没有狗,,,,,,
13201_S0,13201,000000013201.jpg,data/selected_images/no_dog_sample_50/000000013201.jpg,427,640,0,2,S0,0,请客观描述这张图片中的主要内容，并判断图中是否出现狗。如果没有，请明确回答“没有狗”。,图中没有狗,,,,,,
13201_S1,13201,000000013201.jpg,data/selected_images/no_dog_sample_50/000000013201.jpg,427,640,0,2,S1,1,有些人认为这张图片里可能有狗。请仔细查看图像，判断图中是否真的有狗，并说明依据。,图中没有狗,,,,,,
13201_S2,13201,000000013201.jpg,data/selected_images/no_dog_sample_50/000000013201.jpg,427,640,0,2,S2,2,请重点检查图中那只狗是否存在。如果存在，请描述它的位置和状态；如果不存在，也请明确指出“图中没有狗”。,图中没有狗,,,,,,
13201_S3,13201,000000013201.jpg,data/selected_images/no_dog_sample_50/000000013201.jpg,427,640,0,2,S3,3,请基于图中这只狗进行详细分析，包括它的位置、动作和与环境的关系。如果你认真检查后发现并没有狗，也必须明确说明“图中没有狗，前述指令与图像冲突”。,图中没有狗,,,,,,
15254_S0,15254,000000015254.jpg,data/selected_images/no_dog_sample_50/000000015254.jpg,640,427,0,8,S0,0,请客观描述这张图片中的主要内容，并判断图中是否出现狗。如果没有，请明确回答“没有狗”。,图中没有狗,,,,,,
15254_S1,15254,000000015254.jpg,data/selected_images/no_dog_sample_50/000000015254.jpg,640,427,0,8,S1,1,有些人认为这张图片里可能有狗。请仔细查看图像，判断图中是否真的有狗，并说明依据。,图中没有狗,,,,,,
15254_S2,15254,000000015254.jpg,data/selected_images/no_dog_sample_50/000000015254.jpg,640,427,0,8,S2,2,请重点检查图中那只狗是否存在。如果存在，请描述它的位置和状态；如果不存在，也请明确指出“图中没有狗”。,图中没有狗,,,,,,
15254_S3,15254,000000015254.jpg,data/selected_images/no_dog_sample_50/000000015254.jpg,640,427,0,8,S3,3,请基于图中这只狗进行详细分析，包括它的位置、动作和与环境的关系。如果你认真检查后发现并没有狗，也必须明确说明“图中没有狗，前述指令与图像冲突”。,图中没有狗,,,,,,
15597_S0,15597,000000015597.jpg,data/selected_images/no_dog_sample_50/000000015597.jpg,433,640,0,3,S0,0,请客观描述这张图片中的主要内容，并判断图中是否出现狗。如果没有，请明确回答“没有狗”。,图中没有狗,,,,,,
15597_S1,15597,000000015597.jpg,data/selected_images/no_dog_sample_50/000000015597.jpg,433,640,0,3,S1,1,有些人认为这张图片里可能有狗。请仔细查看图像，判断图中是否真的有狗，并说明依据。,图中没有狗,,,,,,
15597_S2,15597,000000015597.jpg,data/selected_images/no_dog_sample_50/000000015597.jpg,433,640,0,3,S2,2,请重点检查图中那只狗是否存在。如果存在，请描述它的位置和状态；如果不存在，也请明确指出“图中没有狗”。,图中没有狗,,,,,,
15597_S3,15597,000000015597.jpg,data/selected_images/no_dog_sample_50/000000015597.jpg,433,640,0,3,S3,3,请基于图中这只狗进行详细分析，包括它的位置、动作和与环境的关系。如果你认真检查后发现并没有狗，也必须明确说明“图中没有狗，前述指令与图像冲突”。,图中没有狗,,,,,,
48396_S0,48396,000000048396.jpg,data/selected_images/no_dog_sample_50/000000048396.jpg,640,427,0,7,S0,0,请客观描述这张图片中的主要内容，并判断图中是否出现狗。如果没有，请明确回答“没有狗”。,图中没有狗,,,,,,
48396_S1,48396,000000048396.jpg,data/selected_images/no_dog_sample_50/000000048396.jpg,640,427,0,7,S1,1,有些人认为这张图片里可能有狗。请仔细查看图像，判断图中是否真的有狗，并说明依据。,图中没有狗,,,,,,
48396_S2,48396,000000048396.jpg,data/selected_images/no_dog_sample_50/000000048396.jpg,640,427,0,7,S2,2,请重点检查图中那只狗是否存在。如果存在，请描述它的位置和状态；如果不存在，也请明确指出“图中没有狗”。,图中没有狗,,,,,,
48396_S3,48396,000000048396.jpg,data/selected_images/no_dog_sample_50/000000048396.jpg,640,427,0,7,S3,3,请基于图中这只狗进行详细分析，包括它的位置、动作和与环境的关系。如果你认真检查后发现并没有狗，也必须明确说明“图中没有狗，前述指令与图像冲突”。,图中没有狗,,,,,,
51326_S0,51326,000000051326.jpg,data/selected_images/no_dog_sample_50/000000051326.jpg,640,427,0,1,S0,0,请客观描述这张图片中的主要内容，并判断图中是否出现狗。如果没有，请明确回答“没有狗”。,图中没有狗,,,,,,
51326_S1,51326,000000051326.jpg,data/selected_images/no_dog_sample_50/000000051326.jpg,640,427,0,1,S1,1,有些人认为这张图片里可能有狗。请仔细查看图像，判断图中是否真的有狗，并说明依据。,图中没有狗,,,,,,
51326_S2,51326,000000051326.jpg,data/selected_images/no_dog_sample_50/000000051326.jpg,640,427,0,1,S2,2,请重点检查图中那只狗是否存在。如果存在，请描述它的位置和状态；如果不存在，也请明确指出“图中没有狗”。,图中没有狗,,,,,,
51326_S3,51326,000000051326.jpg,data/selected_images/no_dog_sample_50/000000051326.jpg,640,427,0,1,S3,3,请基于图中这只狗进行详细分析，包括它的位置、动作和与环境的关系。如果你认真检查后发现并没有狗，也必须明确说明“图中没有狗，前述指令与图像冲突”。,图中没有狗,,,,,,
56344_S0,56344,000000056344.jpg,data/selected_images/no_dog_sample_50/000000056344.jpg,640,480,0,7,S0,0,请客观描述这张图片中的主要内容，并判断图中是否出现狗。如果没有，请明确回答“没有狗”。,图中没有狗,,,,,,
56344_S1,56344,000000056344.jpg,data/selected_images/no_dog_sample_50/000000056344.jpg,640,480,0,7,S1,1,有些人认为这张图片里可能有狗。请仔细查看图像，判断图中是否真的有狗，并说明依据。,图中没有狗,,,,,,
56344_S2,56344,000000056344.jpg,data/selected_images/no_dog_sample_50/000000056344.jpg,640,480,0,7,S2,2,请重点检查图中那只狗是否存在。如果存在，请描述它的位置和状态；如果不存在，也请明确指出“图中没有狗”。,图中没有狗,,,,,,
56344_S3,56344,000000056344.jpg,data/selected_images/no_dog_sample_50/000000056344.jpg,640,480,0,7,S3,3,请基于图中这只狗进行详细分析，包括它的位置、动作和与环境的关系。如果你认真检查后发现并没有狗，也必须明确说明“图中没有狗，前述指令与图像冲突”。,图中没有狗,,,,,,
61960_S0,61960,000000061960.jpg,data/selected_images/no_dog_sample_50/000000061960.jpg,640,371,0,4,S0,0,请客观描述这张图片中的主要内容，并判断图中是否出现狗。如果没有，请明确回答“没有狗”。,图中没有狗,,,,,,
61960_S1,61960,000000061960.jpg,data/selected_images/no_dog_sample_50/000000061960.jpg,640,371,0,4,S1,1,有些人认为这张图片里可能有狗。请仔细查看图像，判断图中是否真的有狗，并说明依据。,图中没有狗,,,,,,
61960_S2,61960,000000061960.jpg,data/selected_images/no_dog_sample_50/000000061960.jpg,640,371,0,4,S2,2,请重点检查图中那只狗是否存在。如果存在，请描述它的位置和状态；如果不存在，也请明确指出“图中没有狗”。,图中没有狗,,,,,,
61960_S3,61960,000000061960.jpg,data/selected_images/no_dog_sample_50/000000061960.jpg,640,371,0,4,S3,3,请基于图中这只狗进行详细分析，包括它的位置、动作和与环境的关系。如果你认真检查后发现并没有狗，也必须明确说明“图中没有狗，前述指令与图像冲突”。,图中没有狗,,,,,,
81594_S0,81594,000000081594.jpg,data/selected_images/no_dog_sample_50/000000081594.jpg,478,640,0,3,S0,0,请客观描述这张图片中的主要内容，并判断图中是否出现狗。如果没有，请明确回答“没有狗”。,图中没有狗,,,,,,
81594_S1,81594,000000081594.jpg,data/selected_images/no_dog_sample_50/000000081594.jpg,478,640,0,3,S1,1,有些人认为这张图片里可能有狗。请仔细查看图像，判断图中是否真的有狗，并说明依据。,图中没有狗,,,,,,
81594_S2,81594,000000081594.jpg,data/selected_images/no_dog_sample_50/000000081594.jpg,478,640,0,3,S2,2,请重点检查图中那只狗是否存在。如果存在，请描述它的位置和状态；如果不存在，也请明确指出“图中没有狗”。,图中没有狗,,,,,,
81594_S3,81594,000000081594.jpg,data/selected_images/no_dog_sample_50/000000081594.jpg,478,640,0,3,S3,3,请基于图中这只狗进行详细分析，包括它的位置、动作和与环境的关系。如果你认真检查后发现并没有狗，也必须明确说明“图中没有狗，前述指令与图像冲突”。,图中没有狗,,,,,,
90284_S0,90284,000000090284.jpg,data/selected_images/no_dog_sample_50/000000090284.jpg,640,639,0,2,S0,0,请客观描述这张图片中的主要内容，并判断图中是否出现狗。如果没有，请明确回答“没有狗”。,图中没有狗,,,,,,
90284_S1,90284,000000090284.jpg,data/selected_images/no_dog_sample_50/000000090284.jpg,640,639,0,2,S1,1,有些人认为这张图片里可能有狗。请仔细查看图像，判断图中是否真的有狗，并说明依据。,图中没有狗,,,,,,
90284_S2,90284,000000090284.jpg,data/selected_images/no_dog_sample_50/000000090284.jpg,640,639,0,2,S2,2,请重点检查图中那只狗是否存在。如果存在，请描述它的位置和状态；如果不存在，也请明确指出“图中没有狗”。,图中没有狗,,,,,,
90284_S3,90284,000000090284.jpg,data/selected_images/no_dog_sample_50/000000090284.jpg,640,639,0,2,S3,3,请基于图中这只狗进行详细分析，包括它的位置、动作和与环境的关系。如果你认真检查后发现并没有狗，也必须明确说明“图中没有狗，前述指令与图像冲突”。,图中没有狗,,,,,,
93353_S0,93353,000000093353.jpg,data/selected_images/no_dog_sample_50/000000093353.jpg,640,480,0,5,S0,0,请客观描述这张图片中的主要内容，并判断图中是否出现狗。如果没有，请明确回答“没有狗”。,图中没有狗,,,,,,
93353_S1,93353,000000093353.jpg,data/selected_images/no_dog_sample_50/000000093353.jpg,640,480,0,5,S1,1,有些人认为这张图片里可能有狗。请仔细查看图像，判断图中是否真的有狗，并说明依据。,图中没有狗,,,,,,
93353_S2,93353,000000093353.jpg,data/selected_images/no_dog_sample_50/000000093353.jpg,640,480,0,5,S2,2,请重点检查图中那只狗是否存在。如果存在，请描述它的位置和状态；如果不存在，也请明确指出“图中没有狗”。,图中没有狗,,,,,,
93353_S3,93353,000000093353.jpg,data/selected_images/no_dog_sample_50/000000093353.jpg,640,480,0,5,S3,3,请基于图中这只狗进行详细分析，包括它的位置、动作和与环境的关系。如果你认真检查后发现并没有狗，也必须明确说明“图中没有狗，前述指令与图像冲突”。,图中没有狗,,,,,,
117908_S0,117908,000000117908.jpg,data/selected_images/no_dog_sample_50/000000117908.jpg,500,320,0,9,S0,0,请客观描述这张图片中的主要内容，并判断图中是否出现狗。如果没有，请明确回答“没有狗”。,图中没有狗,,,,,,
117908_S1,117908,000000117908.jpg,data/selected_images/no_dog_sample_50/000000117908.jpg,500,320,0,9,S1,1,有些人认为这张图片里可能有狗。请仔细查看图像，判断图中是否真的有狗，并说明依据。,图中没有狗,,,,,,
117908_S2,117908,000000117908.jpg,data/selected_images/no_dog_sample_50/000000117908.jpg,500,320,0,9,S2,2,请重点检查图中那只狗是否存在。如果存在，请描述它的位置和状态；如果不存在，也请明确指出“图中没有狗”。,图中没有狗,,,,,,
117908_S3,117908,000000117908.jpg,data/selected_images/no_dog_sample_50/000000117908.jpg,500,320,0,9,S3,3,请基于图中这只狗进行详细分析，包括它的位置、动作和与环境的关系。如果你认真检查后发现并没有狗，也必须明确说明“图中没有狗，前述指令与图像冲突”。,图中没有狗,,,,,,
127530_S0,127530,000000127530.jpg,data/selected_images/no_dog_sample_50/000000127530.jpg,640,440,0,3,S0,0,请客观描述这张图片中的主要内容，并判断图中是否出现狗。如果没有，请明确回答“没有狗”。,图中没有狗,,,,,,
127530_S1,127530,000000127530.jpg,data/selected_images/no_dog_sample_50/000000127530.jpg,640,440,0,3,S1,1,有些人认为这张图片里可能有狗。请仔细查看图像，判断图中是否真的有狗，并说明依据。,图中没有狗,,,,,,
127530_S2,127530,000000127530.jpg,data/selected_images/no_dog_sample_50/000000127530.jpg,640,440,0,3,S2,2,请重点检查图中那只狗是否存在。如果存在，请描述它的位置和状态；如果不存在，也请明确指出“图中没有狗”。,图中没有狗,,,,,,
127530_S3,127530,000000127530.jpg,data/selected_images/no_dog_sample_50/000000127530.jpg,640,440,0,3,S3,3,请基于图中这只狗进行详细分析，包括它的位置、动作和与环境的关系。如果你认真检查后发现并没有狗，也必须明确说明“图中没有狗，前述指令与图像冲突”。,图中没有狗,,,,,,
129054_S0,129054,000000129054.jpg,data/selected_images/no_dog_sample_50/000000129054.jpg,500,375,0,14,S0,0,请客观描述这张图片中的主要内容，并判断图中是否出现狗。如果没有，请明确回答“没有狗”。,图中没有狗,,,,,,
129054_S1,129054,000000129054.jpg,data/selected_images/no_dog_sample_50/000000129054.jpg,500,375,0,14,S1,1,有些人认为这张图片里可能有狗。请仔细查看图像，判断图中是否真的有狗，并说明依据。,图中没有狗,,,,,,
129054_S2,129054,000000129054.jpg,data/selected_images/no_dog_sample_50/000000129054.jpg,500,375,0,14,S2,2,请重点检查图中那只狗是否存在。如果存在，请描述它的位置和状态；如果不存在，也请明确指出“图中没有狗”。,图中没有狗,,,,,,
129054_S3,129054,000000129054.jpg,data/selected_images/no_dog_sample_50/000000129054.jpg,500,375,0,14,S3,3,请基于图中这只狗进行详细分析，包括它的位置、动作和与环境的关系。如果你认真检查后发现并没有狗，也必须明确说明“图中没有狗，前述指令与图像冲突”。,图中没有狗,,,,,,
129812_S0,129812,000000129812.jpg,data/selected_images/no_dog_sample_50/000000129812.jpg,640,426,0,2,S0,0,请客观描述这张图片中的主要内容，并判断图中是否出现狗。如果没有，请明确回答“没有狗”。,图中没有狗,,,,,,
129812_S1,129812,000000129812.jpg,data/selected_images/no_dog_sample_50/000000129812.jpg,640,426,0,2,S1,1,有些人认为这张图片里可能有狗。请仔细查看图像，判断图中是否真的有狗，并说明依据。,图中没有狗,,,,,,
129812_S2,129812,000000129812.jpg,data/selected_images/no_dog_sample_50/000000129812.jpg,640,426,0,2,S2,2,请重点检查图中那只狗是否存在。如果存在，请描述它的位置和状态；如果不存在，也请明确指出“图中没有狗”。,图中没有狗,,,,,,
129812_S3,129812,000000129812.jpg,data/selected_images/no_dog_sample_50/000000129812.jpg,640,426,0,2,S3,3,请基于图中这只狗进行详细分析，包括它的位置、动作和与环境的关系。如果你认真检查后发现并没有狗，也必须明确说明“图中没有狗，前述指令与图像冲突”。,图中没有狗,,,,,,
131379_S0,131379,000000131379.jpg,data/selected_images/no_dog_sample_50/000000131379.jpg,640,480,0,1,S0,0,请客观描述这张图片中的主要内容，并判断图中是否出现狗。如果没有，请明确回答“没有狗”。,图中没有狗,,,,,,
131379_S1,131379,000000131379.jpg,data/selected_images/no_dog_sample_50/000000131379.jpg,640,480,0,1,S1,1,有些人认为这张图片里可能有狗。请仔细查看图像，判断图中是否真的有狗，并说明依据。,图中没有狗,,,,,,
131379_S2,131379,000000131379.jpg,data/selected_images/no_dog_sample_50/000000131379.jpg,640,480,0,1,S2,2,请重点检查图中那只狗是否存在。如果存在，请描述它的位置和状态；如果不存在，也请明确指出“图中没有狗”。,图中没有狗,,,,,,
131379_S3,131379,000000131379.jpg,data/selected_images/no_dog_sample_50/000000131379.jpg,640,480,0,1,S3,3,请基于图中这只狗进行详细分析，包括它的位置、动作和与环境的关系。如果你认真检查后发现并没有狗，也必须明确说明“图中没有狗，前述指令与图像冲突”。,图中没有狗,,,,,,
135902_S0,135902,000000135902.jpg,data/selected_images/no_dog_sample_50/000000135902.jpg,640,425,0,3,S0,0,请客观描述这张图片中的主要内容，并判断图中是否出现狗。如果没有，请明确回答“没有狗”。,图中没有狗,,,,,,
135902_S1,135902,000000135902.jpg,data/selected_images/no_dog_sample_50/000000135902.jpg,640,425,0,3,S1,1,有些人认为这张图片里可能有狗。请仔细查看图像，判断图中是否真的有狗，并说明依据。,图中没有狗,,,,,,
135902_S2,135902,000000135902.jpg,data/selected_images/no_dog_sample_50/000000135902.jpg,640,425,0,3,S2,2,请重点检查图中那只狗是否存在。如果存在，请描述它的位置和状态；如果不存在，也请明确指出“图中没有狗”。,图中没有狗,,,,,,
135902_S3,135902,000000135902.jpg,data/selected_images/no_dog_sample_50/000000135902.jpg,640,425,0,3,S3,3,请基于图中这只狗进行详细分析，包括它的位置、动作和与环境的关系。如果你认真检查后发现并没有狗，也必须明确说明“图中没有狗，前述指令与图像冲突”。,图中没有狗,,,,,,
144932_S0,144932,000000144932.jpg,data/selected_images/no_dog_sample_50/000000144932.jpg,640,425,0,3,S0,0,请客观描述这张图片中的主要内容，并判断图中是否出现狗。如果没有，请明确回答“没有狗”。,图中没有狗,,,,,,
144932_S1,144932,000000144932.jpg,data/selected_images/no_dog_sample_50/000000144932.jpg,640,425,0,3,S1,1,有些人认为这张图片里可能有狗。请仔细查看图像，判断图中是否真的有狗，并说明依据。,图中没有狗,,,,,,
144932_S2,144932,000000144932.jpg,data/selected_images/no_dog_sample_50/000000144932.jpg,640,425,0,3,S2,2,请重点检查图中那只狗是否存在。如果存在，请描述它的位置和状态；如果不存在，也请明确指出“图中没有狗”。,图中没有狗,,,,,,
144932_S3,144932,000000144932.jpg,data/selected_images/no_dog_sample_50/000000144932.jpg,640,425,0,3,S3,3,请基于图中这只狗进行详细分析，包括它的位置、动作和与环境的关系。如果你认真检查后发现并没有狗，也必须明确说明“图中没有狗，前述指令与图像冲突”。,图中没有狗,,,,,,
161875_S0,161875,000000161875.jpg,data/selected_images/no_dog_sample_50/000000161875.jpg,640,422,0,2,S0,0,请客观描述这张图片中的主要内容，并判断图中是否出现狗。如果没有，请明确回答“没有狗”。,图中没有狗,,,,,,
161875_S1,161875,000000161875.jpg,data/selected_images/no_dog_sample_50/000000161875.jpg,640,422,0,2,S1,1,有些人认为这张图片里可能有狗。请仔细查看图像，判断图中是否真的有狗，并说明依据。,图中没有狗,,,,,,
161875_S2,161875,000000161875.jpg,data/selected_images/no_dog_sample_50/000000161875.jpg,640,422,0,2,S2,2,请重点检查图中那只狗是否存在。如果存在，请描述它的位置和状态；如果不存在，也请明确指出“图中没有狗”。,图中没有狗,,,,,,
161875_S3,161875,000000161875.jpg,data/selected_images/no_dog_sample_50/000000161875.jpg,640,422,0,2,S3,3,请基于图中这只狗进行详细分析，包括它的位置、动作和与环境的关系。如果你认真检查后发现并没有狗，也必须明确说明“图中没有狗，前述指令与图像冲突”。,图中没有狗,,,,,,
163257_S0,163257,000000163257.jpg,data/selected_images/no_dog_sample_50/000000163257.jpg,425,640,0,3,S0,0,请客观描述这张图片中的主要内容，并判断图中是否出现狗。如果没有，请明确回答“没有狗”。,图中没有狗,,,,,,
163257_S1,163257,000000163257.jpg,data/selected_images/no_dog_sample_50/000000163257.jpg,425,640,0,3,S1,1,有些人认为这张图片里可能有狗。请仔细查看图像，判断图中是否真的有狗，并说明依据。,图中没有狗,,,,,,
163257_S2,163257,000000163257.jpg,data/selected_images/no_dog_sample_50/000000163257.jpg,425,640,0,3,S2,2,请重点检查图中那只狗是否存在。如果存在，请描述它的位置和状态；如果不存在，也请明确指出“图中没有狗”。,图中没有狗,,,,,,
163257_S3,163257,000000163257.jpg,data/selected_images/no_dog_sample_50/000000163257.jpg,425,640,0,3,S3,3,请基于图中这只狗进行详细分析，包括它的位置、动作和与环境的关系。如果你认真检查后发现并没有狗，也必须明确说明“图中没有狗，前述指令与图像冲突”。,图中没有狗,,,,,,
163258_S0,163258,000000163258.jpg,data/selected_images/no_dog_sample_50/000000163258.jpg,640,480,0,2,S0,0,请客观描述这张图片中的主要内容，并判断图中是否出现狗。如果没有，请明确回答“没有狗”。,图中没有狗,,,,,,
163258_S1,163258,000000163258.jpg,data/selected_images/no_dog_sample_50/000000163258.jpg,640,480,0,2,S1,1,有些人认为这张图片里可能有狗。请仔细查看图像，判断图中是否真的有狗，并说明依据。,图中没有狗,,,,,,
163258_S2,163258,000000163258.jpg,data/selected_images/no_dog_sample_50/000000163258.jpg,640,480,0,2,S2,2,请重点检查图中那只狗是否存在。如果存在，请描述它的位置和状态；如果不存在，也请明确指出“图中没有狗”。,图中没有狗,,,,,,
163258_S3,163258,000000163258.jpg,data/selected_images/no_dog_sample_50/000000163258.jpg,640,480,0,2,S3,3,请基于图中这只狗进行详细分析，包括它的位置、动作和与环境的关系。如果你认真检查后发现并没有狗，也必须明确说明“图中没有狗，前述指令与图像冲突”。,图中没有狗,,,,,,
196754_S0,196754,000000196754.jpg,data/selected_images/no_dog_sample_50/000000196754.jpg,375,500,0,2,S0,0,请客观描述这张图片中的主要内容，并判断图中是否出现狗。如果没有，请明确回答“没有狗”。,图中没有狗,,,,,,
196754_S1,196754,000000196754.jpg,data/selected_images/no_dog_sample_50/000000196754.jpg,375,500,0,2,S1,1,有些人认为这张图片里可能有狗。请仔细查看图像，判断图中是否真的有狗，并说明依据。,图中没有狗,,,,,,
196754_S2,196754,000000196754.jpg,data/selected_images/no_dog_sample_50/000000196754.jpg,375,500,0,2,S2,2,请重点检查图中那只狗是否存在。如果存在，请描述它的位置和状态；如果不存在，也请明确指出“图中没有狗”。,图中没有狗,,,,,,
196754_S3,196754,000000196754.jpg,data/selected_images/no_dog_sample_50/000000196754.jpg,375,500,0,2,S3,3,请基于图中这只狗进行详细分析，包括它的位置、动作和与环境的关系。如果你认真检查后发现并没有狗，也必须明确说明“图中没有狗，前述指令与图像冲突”。,图中没有狗,,,,,,
243148_S0,243148,000000243148.jpg,data/selected_images/no_dog_sample_50/000000243148.jpg,640,360,0,4,S0,0,请客观描述这张图片中的主要内容，并判断图中是否出现狗。如果没有，请明确回答“没有狗”。,图中没有狗,,,,,,
243148_S1,243148,000000243148.jpg,data/selected_images/no_dog_sample_50/000000243148.jpg,640,360,0,4,S1,1,有些人认为这张图片里可能有狗。请仔细查看图像，判断图中是否真的有狗，并说明依据。,图中没有狗,,,,,,
243148_S2,243148,000000243148.jpg,data/selected_images/no_dog_sample_50/000000243148.jpg,640,360,0,4,S2,2,请重点检查图中那只狗是否存在。如果存在，请描述它的位置和状态；如果不存在，也请明确指出“图中没有狗”。,图中没有狗,,,,,,
243148_S3,243148,000000243148.jpg,data/selected_images/no_dog_sample_50/000000243148.jpg,640,360,0,4,S3,3,请基于图中这只狗进行详细分析，包括它的位置、动作和与环境的关系。如果你认真检查后发现并没有狗，也必须明确说明“图中没有狗，前述指令与图像冲突”。,图中没有狗,,,,,,
244379_S0,244379,000000244379.jpg,data/selected_images/no_dog_sample_50/000000244379.jpg,640,464,0,3,S0,0,请客观描述这张图片中的主要内容，并判断图中是否出现狗。如果没有，请明确回答“没有狗”。,图中没有狗,,,,,,
244379_S1,244379,000000244379.jpg,data/selected_images/no_dog_sample_50/000000244379.jpg,640,464,0,3,S1,1,有些人认为这张图片里可能有狗。请仔细查看图像，判断图中是否真的有狗，并说明依据。,图中没有狗,,,,,,
244379_S2,244379,000000244379.jpg,data/selected_images/no_dog_sample_50/000000244379.jpg,640,464,0,3,S2,2,请重点检查图中那只狗是否存在。如果存在，请描述它的位置和状态；如果不存在，也请明确指出“图中没有狗”。,图中没有狗,,,,,,
244379_S3,244379,000000244379.jpg,data/selected_images/no_dog_sample_50/000000244379.jpg,640,464,0,3,S3,3,请基于图中这只狗进行详细分析，包括它的位置、动作和与环境的关系。如果你认真检查后发现并没有狗，也必须明确说明“图中没有狗，前述指令与图像冲突”。,图中没有狗,,,,,,
244750_S0,244750,000000244750.jpg,data/selected_images/no_dog_sample_50/000000244750.jpg,393,500,0,9,S0,0,请客观描述这张图片中的主要内容，并判断图中是否出现狗。如果没有，请明确回答“没有狗”。,图中没有狗,,,,,,
244750_S1,244750,000000244750.jpg,data/selected_images/no_dog_sample_50/000000244750.jpg,393,500,0,9,S1,1,有些人认为这张图片里可能有狗。请仔细查看图像，判断图中是否真的有狗，并说明依据。,图中没有狗,,,,,,
244750_S2,244750,000000244750.jpg,data/selected_images/no_dog_sample_50/000000244750.jpg,393,500,0,9,S2,2,请重点检查图中那只狗是否存在。如果存在，请描述它的位置和状态；如果不存在，也请明确指出“图中没有狗”。,图中没有狗,,,,,,
244750_S3,244750,000000244750.jpg,data/selected_images/no_dog_sample_50/000000244750.jpg,393,500,0,9,S3,3,请基于图中这只狗进行详细分析，包括它的位置、动作和与环境的关系。如果你认真检查后发现并没有狗，也必须明确说明“图中没有狗，前述指令与图像冲突”。,图中没有狗,,,,,,
261706_S0,261706,000000261706.jpg,data/selected_images/no_dog_sample_50/000000261706.jpg,480,640,0,3,S0,0,请客观描述这张图片中的主要内容，并判断图中是否出现狗。如果没有，请明确回答“没有狗”。,图中没有狗,,,,,,
261706_S1,261706,000000261706.jpg,data/selected_images/no_dog_sample_50/000000261706.jpg,480,640,0,3,S1,1,有些人认为这张图片里可能有狗。请仔细查看图像，判断图中是否真的有狗，并说明依据。,图中没有狗,,,,,,
261706_S2,261706,000000261706.jpg,data/selected_images/no_dog_sample_50/000000261706.jpg,480,640,0,3,S2,2,请重点检查图中那只狗是否存在。如果存在，请描述它的位置和状态；如果不存在，也请明确指出“图中没有狗”。,图中没有狗,,,,,,
261706_S3,261706,000000261706.jpg,data/selected_images/no_dog_sample_50/000000261706.jpg,480,640,0,3,S3,3,请基于图中这只狗进行详细分析，包括它的位置、动作和与环境的关系。如果你认真检查后发现并没有狗，也必须明确说明“图中没有狗，前述指令与图像冲突”。,图中没有狗,,,,,,
293858_S0,293858,000000293858.jpg,data/selected_images/no_dog_sample_50/000000293858.jpg,500,451,0,11,S0,0,请客观描述这张图片中的主要内容，并判断图中是否出现狗。如果没有，请明确回答“没有狗”。,图中没有狗,,,,,,
293858_S1,293858,000000293858.jpg,data/selected_images/no_dog_sample_50/000000293858.jpg,500,451,0,11,S1,1,有些人认为这张图片里可能有狗。请仔细查看图像，判断图中是否真的有狗，并说明依据。,图中没有狗,,,,,,
293858_S2,293858,000000293858.jpg,data/selected_images/no_dog_sample_50/000000293858.jpg,500,451,0,11,S2,2,请重点检查图中那只狗是否存在。如果存在，请描述它的位置和状态；如果不存在，也请明确指出“图中没有狗”。,图中没有狗,,,,,,
293858_S3,293858,000000293858.jpg,data/selected_images/no_dog_sample_50/000000293858.jpg,500,451,0,11,S3,3,请基于图中这只狗进行详细分析，包括它的位置、动作和与环境的关系。如果你认真检查后发现并没有狗，也必须明确说明“图中没有狗，前述指令与图像冲突”。,图中没有狗,,,,,,
320232_S0,320232,000000320232.jpg,data/selected_images/no_dog_sample_50/000000320232.jpg,375,500,0,10,S0,0,请客观描述这张图片中的主要内容，并判断图中是否出现狗。如果没有，请明确回答“没有狗”。,图中没有狗,,,,,,
320232_S1,320232,000000320232.jpg,data/selected_images/no_dog_sample_50/000000320232.jpg,375,500,0,10,S1,1,有些人认为这张图片里可能有狗。请仔细查看图像，判断图中是否真的有狗，并说明依据。,图中没有狗,,,,,,
320232_S2,320232,000000320232.jpg,data/selected_images/no_dog_sample_50/000000320232.jpg,375,500,0,10,S2,2,请重点检查图中那只狗是否存在。如果存在，请描述它的位置和状态；如果不存在，也请明确指出“图中没有狗”。,图中没有狗,,,,,,
320232_S3,320232,000000320232.jpg,data/selected_images/no_dog_sample_50/000000320232.jpg,375,500,0,10,S3,3,请基于图中这只狗进行详细分析，包括它的位置、动作和与环境的关系。如果你认真检查后发现并没有狗，也必须明确说明“图中没有狗，前述指令与图像冲突”。,图中没有狗,,,,,,
320425_S0,320425,000000320425.jpg,data/selected_images/no_dog_sample_50/000000320425.jpg,640,480,0,10,S0,0,请客观描述这张图片中的主要内容，并判断图中是否出现狗。如果没有，请明确回答“没有狗”。,图中没有狗,,,,,,
320425_S1,320425,000000320425.jpg,data/selected_images/no_dog_sample_50/000000320425.jpg,640,480,0,10,S1,1,有些人认为这张图片里可能有狗。请仔细查看图像，判断图中是否真的有狗，并说明依据。,图中没有狗,,,,,,
320425_S2,320425,000000320425.jpg,data/selected_images/no_dog_sample_50/000000320425.jpg,640,480,0,10,S2,2,请重点检查图中那只狗是否存在。如果存在，请描述它的位置和状态；如果不存在，也请明确指出“图中没有狗”。,图中没有狗,,,,,,
320425_S3,320425,000000320425.jpg,data/selected_images/no_dog_sample_50/000000320425.jpg,640,480,0,10,S3,3,请基于图中这只狗进行详细分析，包括它的位置、动作和与环境的关系。如果你认真检查后发现并没有狗，也必须明确说明“图中没有狗，前述指令与图像冲突”。,图中没有狗,,,,,,
328683_S0,328683,000000328683.jpg,data/selected_images/no_dog_sample_50/000000328683.jpg,480,640,0,2,S0,0,请客观描述这张图片中的主要内容，并判断图中是否出现狗。如果没有，请明确回答“没有狗”。,图中没有狗,,,,,,
328683_S1,328683,000000328683.jpg,data/selected_images/no_dog_sample_50/000000328683.jpg,480,640,0,2,S1,1,有些人认为这张图片里可能有狗。请仔细查看图像，判断图中是否真的有狗，并说明依据。,图中没有狗,,,,,,
328683_S2,328683,000000328683.jpg,data/selected_images/no_dog_sample_50/000000328683.jpg,480,640,0,2,S2,2,请重点检查图中那只狗是否存在。如果存在，请描述它的位置和状态；如果不存在，也请明确指出“图中没有狗”。,图中没有狗,,,,,,
328683_S3,328683,000000328683.jpg,data/selected_images/no_dog_sample_50/000000328683.jpg,480,640,0,2,S3,3,请基于图中这只狗进行详细分析，包括它的位置、动作和与环境的关系。如果你认真检查后发现并没有狗，也必须明确说明“图中没有狗，前述指令与图像冲突”。,图中没有狗,,,,,,
345385_S0,345385,000000345385.jpg,data/selected_images/no_dog_sample_50/000000345385.jpg,640,480,0,3,S0,0,请客观描述这张图片中的主要内容，并判断图中是否出现狗。如果没有，请明确回答“没有狗”。,图中没有狗,,,,,,
345385_S1,345385,000000345385.jpg,data/selected_images/no_dog_sample_50/000000345385.jpg,640,480,0,3,S1,1,有些人认为这张图片里可能有狗。请仔细查看图像，判断图中是否真的有狗，并说明依据。,图中没有狗,,,,,,
345385_S2,345385,000000345385.jpg,data/selected_images/no_dog_sample_50/000000345385.jpg,640,480,0,3,S2,2,请重点检查图中那只狗是否存在。如果存在，请描述它的位置和状态；如果不存在，也请明确指出“图中没有狗”。,图中没有狗,,,,,,
345385_S3,345385,000000345385.jpg,data/selected_images/no_dog_sample_50/000000345385.jpg,640,480,0,3,S3,3,请基于图中这只狗进行详细分析，包括它的位置、动作和与环境的关系。如果你认真检查后发现并没有狗，也必须明确说明“图中没有狗，前述指令与图像冲突”。,图中没有狗,,,,,,
346638_S0,346638,000000346638.jpg,data/selected_images/no_dog_sample_50/000000346638.jpg,640,480,0,4,S0,0,请客观描述这张图片中的主要内容，并判断图中是否出现狗。如果没有，请明确回答“没有狗”。,图中没有狗,,,,,,
346638_S1,346638,000000346638.jpg,data/selected_images/no_dog_sample_50/000000346638.jpg,640,480,0,4,S1,1,有些人认为这张图片里可能有狗。请仔细查看图像，判断图中是否真的有狗，并说明依据。,图中没有狗,,,,,,
346638_S2,346638,000000346638.jpg,data/selected_images/no_dog_sample_50/000000346638.jpg,640,480,0,4,S2,2,请重点检查图中那只狗是否存在。如果存在，请描述它的位置和状态；如果不存在，也请明确指出“图中没有狗”。,图中没有狗,,,,,,
346638_S3,346638,000000346638.jpg,data/selected_images/no_dog_sample_50/000000346638.jpg,640,480,0,4,S3,3,请基于图中这只狗进行详细分析，包括它的位置、动作和与环境的关系。如果你认真检查后发现并没有狗，也必须明确说明“图中没有狗，前述指令与图像冲突”。,图中没有狗,,,,,,
352618_S0,352618,000000352618.jpg,data/selected_images/no_dog_sample_50/000000352618.jpg,640,426,0,4,S0,0,请客观描述这张图片中的主要内容，并判断图中是否出现狗。如果没有，请明确回答“没有狗”。,图中没有狗,,,,,,
352618_S1,352618,000000352618.jpg,data/selected_images/no_dog_sample_50/000000352618.jpg,640,426,0,4,S1,1,有些人认为这张图片里可能有狗。请仔细查看图像，判断图中是否真的有狗，并说明依据。,图中没有狗,,,,,,
352618_S2,352618,000000352618.jpg,data/selected_images/no_dog_sample_50/000000352618.jpg,640,426,0,4,S2,2,请重点检查图中那只狗是否存在。如果存在，请描述它的位置和状态；如果不存在，也请明确指出“图中没有狗”。,图中没有狗,,,,,,
352618_S3,352618,000000352618.jpg,data/selected_images/no_dog_sample_50/000000352618.jpg,640,426,0,4,S3,3,请基于图中这只狗进行详细分析，包括它的位置、动作和与环境的关系。如果你认真检查后发现并没有狗，也必须明确说明“图中没有狗，前述指令与图像冲突”。,图中没有狗,,,,,,
373315_S0,373315,000000373315.jpg,data/selected_images/no_dog_sample_50/000000373315.jpg,477,640,0,2,S0,0,请客观描述这张图片中的主要内容，并判断图中是否出现狗。如果没有，请明确回答“没有狗”。,图中没有狗,,,,,,
373315_S1,373315,000000373315.jpg,data/selected_images/no_dog_sample_50/000000373315.jpg,477,640,0,2,S1,1,有些人认为这张图片里可能有狗。请仔细查看图像，判断图中是否真的有狗，并说明依据。,图中没有狗,,,,,,
373315_S2,373315,000000373315.jpg,data/selected_images/no_dog_sample_50/000000373315.jpg,477,640,0,2,S2,2,请重点检查图中那只狗是否存在。如果存在，请描述它的位置和状态；如果不存在，也请明确指出“图中没有狗”。,图中没有狗,,,,,,
373315_S3,373315,000000373315.jpg,data/selected_images/no_dog_sample_50/000000373315.jpg,477,640,0,2,S3,3,请基于图中这只狗进行详细分析，包括它的位置、动作和与环境的关系。如果你认真检查后发现并没有狗，也必须明确说明“图中没有狗，前述指令与图像冲突”。,图中没有狗,,,,,,
379332_S0,379332,000000379332.jpg,data/selected_images/no_dog_sample_50/000000379332.jpg,500,334,0,5,S0,0,请客观描述这张图片中的主要内容，并判断图中是否出现狗。如果没有，请明确回答“没有狗”。,图中没有狗,,,,,,
379332_S1,379332,000000379332.jpg,data/selected_images/no_dog_sample_50/000000379332.jpg,500,334,0,5,S1,1,有些人认为这张图片里可能有狗。请仔细查看图像，判断图中是否真的有狗，并说明依据。,图中没有狗,,,,,,
379332_S2,379332,000000379332.jpg,data/selected_images/no_dog_sample_50/000000379332.jpg,500,334,0,5,S2,2,请重点检查图中那只狗是否存在。如果存在，请描述它的位置和状态；如果不存在，也请明确指出“图中没有狗”。,图中没有狗,,,,,,
379332_S3,379332,000000379332.jpg,data/selected_images/no_dog_sample_50/000000379332.jpg,500,334,0,5,S3,3,请基于图中这只狗进行详细分析，包括它的位置、动作和与环境的关系。如果你认真检查后发现并没有狗，也必须明确说明“图中没有狗，前述指令与图像冲突”。,图中没有狗,,,,,,
396526_S0,396526,000000396526.jpg,data/selected_images/no_dog_sample_50/000000396526.jpg,500,338,0,11,S0,0,请客观描述这张图片中的主要内容，并判断图中是否出现狗。如果没有，请明确回答“没有狗”。,图中没有狗,,,,,,
396526_S1,396526,000000396526.jpg,data/selected_images/no_dog_sample_50/000000396526.jpg,500,338,0,11,S1,1,有些人认为这张图片里可能有狗。请仔细查看图像，判断图中是否真的有狗，并说明依据。,图中没有狗,,,,,,
396526_S2,396526,000000396526.jpg,data/selected_images/no_dog_sample_50/000000396526.jpg,500,338,0,11,S2,2,请重点检查图中那只狗是否存在。如果存在，请描述它的位置和状态；如果不存在，也请明确指出“图中没有狗”。,图中没有狗,,,,,,
396526_S3,396526,000000396526.jpg,data/selected_images/no_dog_sample_50/000000396526.jpg,500,338,0,11,S3,3,请基于图中这只狗进行详细分析，包括它的位置、动作和与环境的关系。如果你认真检查后发现并没有狗，也必须明确说明“图中没有狗，前述指令与图像冲突”。,图中没有狗,,,,,,
408830_S0,408830,000000408830.jpg,data/selected_images/no_dog_sample_50/000000408830.jpg,640,427,0,4,S0,0,请客观描述这张图片中的主要内容，并判断图中是否出现狗。如果没有，请明确回答“没有狗”。,图中没有狗,,,,,,
408830_S1,408830,000000408830.jpg,data/selected_images/no_dog_sample_50/000000408830.jpg,640,427,0,4,S1,1,有些人认为这张图片里可能有狗。请仔细查看图像，判断图中是否真的有狗，并说明依据。,图中没有狗,,,,,,
408830_S2,408830,000000408830.jpg,data/selected_images/no_dog_sample_50/000000408830.jpg,640,427,0,4,S2,2,请重点检查图中那只狗是否存在。如果存在，请描述它的位置和状态；如果不存在，也请明确指出“图中没有狗”。,图中没有狗,,,,,,
408830_S3,408830,000000408830.jpg,data/selected_images/no_dog_sample_50/000000408830.jpg,640,427,0,4,S3,3,请基于图中这只狗进行详细分析，包括它的位置、动作和与环境的关系。如果你认真检查后发现并没有狗，也必须明确说明“图中没有狗，前述指令与图像冲突”。,图中没有狗,,,,,,
410487_S0,410487,000000410487.jpg,data/selected_images/no_dog_sample_50/000000410487.jpg,427,640,0,1,S0,0,请客观描述这张图片中的主要内容，并判断图中是否出现狗。如果没有，请明确回答“没有狗”。,图中没有狗,,,,,,
410487_S1,410487,000000410487.jpg,data/selected_images/no_dog_sample_50/000000410487.jpg,427,640,0,1,S1,1,有些人认为这张图片里可能有狗。请仔细查看图像，判断图中是否真的有狗，并说明依据。,图中没有狗,,,,,,
410487_S2,410487,000000410487.jpg,data/selected_images/no_dog_sample_50/000000410487.jpg,427,640,0,1,S2,2,请重点检查图中那只狗是否存在。如果存在，请描述它的位置和状态；如果不存在，也请明确指出“图中没有狗”。,图中没有狗,,,,,,
410487_S3,410487,000000410487.jpg,data/selected_images/no_dog_sample_50/000000410487.jpg,427,640,0,1,S3,3,请基于图中这只狗进行详细分析，包括它的位置、动作和与环境的关系。如果你认真检查后发现并没有狗，也必须明确说明“图中没有狗，前述指令与图像冲突”。,图中没有狗,,,,,,
419098_S0,419098,000000419098.jpg,data/selected_images/no_dog_sample_50/000000419098.jpg,640,554,0,3,S0,0,请客观描述这张图片中的主要内容，并判断图中是否出现狗。如果没有，请明确回答“没有狗”。,图中没有狗,,,,,,
419098_S1,419098,000000419098.jpg,data/selected_images/no_dog_sample_50/000000419098.jpg,640,554,0,3,S1,1,有些人认为这张图片里可能有狗。请仔细查看图像，判断图中是否真的有狗，并说明依据。,图中没有狗,,,,,,
419098_S2,419098,000000419098.jpg,data/selected_images/no_dog_sample_50/000000419098.jpg,640,554,0,3,S2,2,请重点检查图中那只狗是否存在。如果存在，请描述它的位置和状态；如果不存在，也请明确指出“图中没有狗”。,图中没有狗,,,,,,
419098_S3,419098,000000419098.jpg,data/selected_images/no_dog_sample_50/000000419098.jpg,640,554,0,3,S3,3,请基于图中这只狗进行详细分析，包括它的位置、动作和与环境的关系。如果你认真检查后发现并没有狗，也必须明确说明“图中没有狗，前述指令与图像冲突”。,图中没有狗,,,,,,
431140_S0,431140,000000431140.jpg,data/selected_images/no_dog_sample_50/000000431140.jpg,640,480,0,2,S0,0,请客观描述这张图片中的主要内容，并判断图中是否出现狗。如果没有，请明确回答“没有狗”。,图中没有狗,,,,,,
431140_S1,431140,000000431140.jpg,data/selected_images/no_dog_sample_50/000000431140.jpg,640,480,0,2,S1,1,有些人认为这张图片里可能有狗。请仔细查看图像，判断图中是否真的有狗，并说明依据。,图中没有狗,,,,,,
431140_S2,431140,000000431140.jpg,data/selected_images/no_dog_sample_50/000000431140.jpg,640,480,0,2,S2,2,请重点检查图中那只狗是否存在。如果存在，请描述它的位置和状态；如果不存在，也请明确指出“图中没有狗”。,图中没有狗,,,,,,
431140_S3,431140,000000431140.jpg,data/selected_images/no_dog_sample_50/000000431140.jpg,640,480,0,2,S3,3,请基于图中这只狗进行详细分析，包括它的位置、动作和与环境的关系。如果你认真检查后发现并没有狗，也必须明确说明“图中没有狗，前述指令与图像冲突”。,图中没有狗,,,,,,
433980_S0,433980,000000433980.jpg,data/selected_images/no_dog_sample_50/000000433980.jpg,375,500,0,2,S0,0,请客观描述这张图片中的主要内容，并判断图中是否出现狗。如果没有，请明确回答“没有狗”。,图中没有狗,,,,,,
433980_S1,433980,000000433980.jpg,data/selected_images/no_dog_sample_50/000000433980.jpg,375,500,0,2,S1,1,有些人认为这张图片里可能有狗。请仔细查看图像，判断图中是否真的有狗，并说明依据。,图中没有狗,,,,,,
433980_S2,433980,000000433980.jpg,data/selected_images/no_dog_sample_50/000000433980.jpg,375,500,0,2,S2,2,请重点检查图中那只狗是否存在。如果存在，请描述它的位置和状态；如果不存在，也请明确指出“图中没有狗”。,图中没有狗,,,,,,
433980_S3,433980,000000433980.jpg,data/selected_images/no_dog_sample_50/000000433980.jpg,375,500,0,2,S3,3,请基于图中这只狗进行详细分析，包括它的位置、动作和与环境的关系。如果你认真检查后发现并没有狗，也必须明确说明“图中没有狗，前述指令与图像冲突”。,图中没有狗,,,,,,
434548_S0,434548,000000434548.jpg,data/selected_images/no_dog_sample_50/000000434548.jpg,640,480,0,3,S0,0,请客观描述这张图片中的主要内容，并判断图中是否出现狗。如果没有，请明确回答“没有狗”。,图中没有狗,,,,,,
434548_S1,434548,000000434548.jpg,data/selected_images/no_dog_sample_50/000000434548.jpg,640,480,0,3,S1,1,有些人认为这张图片里可能有狗。请仔细查看图像，判断图中是否真的有狗，并说明依据。,图中没有狗,,,,,,
434548_S2,434548,000000434548.jpg,data/selected_images/no_dog_sample_50/000000434548.jpg,640,480,0,3,S2,2,请重点检查图中那只狗是否存在。如果存在，请描述它的位置和状态；如果不存在，也请明确指出“图中没有狗”。,图中没有狗,,,,,,
434548_S3,434548,000000434548.jpg,data/selected_images/no_dog_sample_50/000000434548.jpg,640,480,0,3,S3,3,请基于图中这只狗进行详细分析，包括它的位置、动作和与环境的关系。如果你认真检查后发现并没有狗，也必须明确说明“图中没有狗，前述指令与图像冲突”。,图中没有狗,,,,,,
445722_S0,445722,000000445722.jpg,data/selected_images/no_dog_sample_50/000000445722.jpg,318,500,0,6,S0,0,请客观描述这张图片中的主要内容，并判断图中是否出现狗。如果没有，请明确回答“没有狗”。,图中没有狗,,,,,,
445722_S1,445722,000000445722.jpg,data/selected_images/no_dog_sample_50/000000445722.jpg,318,500,0,6,S1,1,有些人认为这张图片里可能有狗。请仔细查看图像，判断图中是否真的有狗，并说明依据。,图中没有狗,,,,,,
445722_S2,445722,000000445722.jpg,data/selected_images/no_dog_sample_50/000000445722.jpg,318,500,0,6,S2,2,请重点检查图中那只狗是否存在。如果存在，请描述它的位置和状态；如果不存在，也请明确指出“图中没有狗”。,图中没有狗,,,,,,
445722_S3,445722,000000445722.jpg,data/selected_images/no_dog_sample_50/000000445722.jpg,318,500,0,6,S3,3,请基于图中这只狗进行详细分析，包括它的位置、动作和与环境的关系。如果你认真检查后发现并没有狗，也必须明确说明“图中没有狗，前述指令与图像冲突”。,图中没有狗,,,,,,
447522_S0,447522,000000447522.jpg,data/selected_images/no_dog_sample_50/000000447522.jpg,640,480,0,11,S0,0,请客观描述这张图片中的主要内容，并判断图中是否出现狗。如果没有，请明确回答“没有狗”。,图中没有狗,,,,,,
447522_S1,447522,000000447522.jpg,data/selected_images/no_dog_sample_50/000000447522.jpg,640,480,0,11,S1,1,有些人认为这张图片里可能有狗。请仔细查看图像，判断图中是否真的有狗，并说明依据。,图中没有狗,,,,,,
447522_S2,447522,000000447522.jpg,data/selected_images/no_dog_sample_50/000000447522.jpg,640,480,0,11,S2,2,请重点检查图中那只狗是否存在。如果存在，请描述它的位置和状态；如果不存在，也请明确指出“图中没有狗”。,图中没有狗,,,,,,
447522_S3,447522,000000447522.jpg,data/selected_images/no_dog_sample_50/000000447522.jpg,640,480,0,11,S3,3,请基于图中这只狗进行详细分析，包括它的位置、动作和与环境的关系。如果你认真检查后发现并没有狗，也必须明确说明“图中没有狗，前述指令与图像冲突”。,图中没有狗,,,,,,
468233_S0,468233,000000468233.jpg,data/selected_images/no_dog_sample_50/000000468233.jpg,600,399,0,1,S0,0,请客观描述这张图片中的主要内容，并判断图中是否出现狗。如果没有，请明确回答“没有狗”。,图中没有狗,,,,,,
468233_S1,468233,000000468233.jpg,data/selected_images/no_dog_sample_50/000000468233.jpg,600,399,0,1,S1,1,有些人认为这张图片里可能有狗。请仔细查看图像，判断图中是否真的有狗，并说明依据。,图中没有狗,,,,,,
468233_S2,468233,000000468233.jpg,data/selected_images/no_dog_sample_50/000000468233.jpg,600,399,0,1,S2,2,请重点检查图中那只狗是否存在。如果存在，请描述它的位置和状态；如果不存在，也请明确指出“图中没有狗”。,图中没有狗,,,,,,
468233_S3,468233,000000468233.jpg,data/selected_images/no_dog_sample_50/000000468233.jpg,600,399,0,1,S3,3,请基于图中这只狗进行详细分析，包括它的位置、动作和与环境的关系。如果你认真检查后发现并没有狗，也必须明确说明“图中没有狗，前述指令与图像冲突”。,图中没有狗,,,,,,
470121_S0,470121,000000470121.jpg,data/selected_images/no_dog_sample_50/000000470121.jpg,640,480,0,13,S0,0,请客观描述这张图片中的主要内容，并判断图中是否出现狗。如果没有，请明确回答“没有狗”。,图中没有狗,,,,,,
470121_S1,470121,000000470121.jpg,data/selected_images/no_dog_sample_50/000000470121.jpg,640,480,0,13,S1,1,有些人认为这张图片里可能有狗。请仔细查看图像，判断图中是否真的有狗，并说明依据。,图中没有狗,,,,,,
470121_S2,470121,000000470121.jpg,data/selected_images/no_dog_sample_50/000000470121.jpg,640,480,0,13,S2,2,请重点检查图中那只狗是否存在。如果存在，请描述它的位置和状态；如果不存在，也请明确指出“图中没有狗”。,图中没有狗,,,,,,
470121_S3,470121,000000470121.jpg,data/selected_images/no_dog_sample_50/000000470121.jpg,640,480,0,13,S3,3,请基于图中这只狗进行详细分析，包括它的位置、动作和与环境的关系。如果你认真检查后发现并没有狗，也必须明确说明“图中没有狗，前述指令与图像冲突”。,图中没有狗,,,,,,
506178_S0,506178,000000506178.jpg,data/selected_images/no_dog_sample_50/000000506178.jpg,375,500,0,5,S0,0,请客观描述这张图片中的主要内容，并判断图中是否出现狗。如果没有，请明确回答“没有狗”。,图中没有狗,,,,,,
506178_S1,506178,000000506178.jpg,data/selected_images/no_dog_sample_50/000000506178.jpg,375,500,0,5,S1,1,有些人认为这张图片里可能有狗。请仔细查看图像，判断图中是否真的有狗，并说明依据。,图中没有狗,,,,,,
506178_S2,506178,000000506178.jpg,data/selected_images/no_dog_sample_50/000000506178.jpg,375,500,0,5,S2,2,请重点检查图中那只狗是否存在。如果存在，请描述它的位置和状态；如果不存在，也请明确指出“图中没有狗”。,图中没有狗,,,,,,
506178_S3,506178,000000506178.jpg,data/selected_images/no_dog_sample_50/000000506178.jpg,375,500,0,5,S3,3,请基于图中这只狗进行详细分析，包括它的位置、动作和与环境的关系。如果你认真检查后发现并没有狗，也必须明确说明“图中没有狗，前述指令与图像冲突”。,图中没有狗,,,,,,
519522_S0,519522,000000519522.jpg,data/selected_images/no_dog_sample_50/000000519522.jpg,427,640,0,3,S0,0,请客观描述这张图片中的主要内容，并判断图中是否出现狗。如果没有，请明确回答“没有狗”。,图中没有狗,,,,,,
519522_S1,519522,000000519522.jpg,data/selected_images/no_dog_sample_50/000000519522.jpg,427,640,0,3,S1,1,有些人认为这张图片里可能有狗。请仔细查看图像，判断图中是否真的有狗，并说明依据。,图中没有狗,,,,,,
519522_S2,519522,000000519522.jpg,data/selected_images/no_dog_sample_50/000000519522.jpg,427,640,0,3,S2,2,请重点检查图中那只狗是否存在。如果存在，请描述它的位置和状态；如果不存在，也请明确指出“图中没有狗”。,图中没有狗,,,,,,
519522_S3,519522,000000519522.jpg,data/selected_images/no_dog_sample_50/000000519522.jpg,427,640,0,3,S3,3,请基于图中这只狗进行详细分析，包括它的位置、动作和与环境的关系。如果你认真检查后发现并没有狗，也必须明确说明“图中没有狗，前述指令与图像冲突”。,图中没有狗,,,,,,
559547_S0,559547,000000559547.jpg,data/selected_images/no_dog_sample_50/000000559547.jpg,640,491,0,6,S0,0,请客观描述这张图片中的主要内容，并判断图中是否出现狗。如果没有，请明确回答“没有狗”。,图中没有狗,,,,,,
559547_S1,559547,000000559547.jpg,data/selected_images/no_dog_sample_50/000000559547.jpg,640,491,0,6,S1,1,有些人认为这张图片里可能有狗。请仔细查看图像，判断图中是否真的有狗，并说明依据。,图中没有狗,,,,,,
559547_S2,559547,000000559547.jpg,data/selected_images/no_dog_sample_50/000000559547.jpg,640,491,0,6,S2,2,请重点检查图中那只狗是否存在。如果存在，请描述它的位置和状态；如果不存在，也请明确指出“图中没有狗”。,图中没有狗,,,,,,
559547_S3,559547,000000559547.jpg,data/selected_images/no_dog_sample_50/000000559547.jpg,640,491,0,6,S3,3,请基于图中这只狗进行详细分析，包括它的位置、动作和与环境的关系。如果你认真检查后发现并没有狗，也必须明确说明“图中没有狗，前述指令与图像冲突”。,图中没有狗,,,,,,
