sample_id,image_id,file_name,image_path,original_image_path,experiment_type,dataset_name,target_object,attribute_type,truth_source,true_color,acceptable_true_colors,conflict_color,condition_family,condition_name,condition_index,prompt_template_version,prompt_text,expected_output_space,expected_output_map,include_in_primary_main_analysis,source_dataset,notes,model_key,model_name,checkpoint_name,precision,device,device_map,batch_size,elapsed_seconds,raw_output,status,error,prompt_level,normalized_output,allowed_answer_space,parsed_label,parse_success,parse_method,one_label_only,in_allowed_answer_space,correction_detected,refusal_detected,outcome_type,is_conflict_aligned,is_faithful,is_other_wrong,is_refusal_or_correction,is_parse_error,parse_notes
test_00209_A1_forced_choice_red_family,test_00209,test_00209.jpg,data/processed/stanford_cars/clean_crops/test_00209.jpg,data/raw/stanford_cars/cars_test/00209.jpg,car_color_prompt_mechanism_comparison_stanford_core,primary_core_stanford_only,the main car,primary body color,reviewed,white,,black,auxiliary,A1_forced_choice_red_family,5,auxiliary_conditions_v2_strict_colors,"Focus on the main car only. Ignore the background. Choose exactly one label from this restricted answer space: {black, charcoal, dark black}. Answer with one label only.","[""black"", ""charcoal"", ""dark black""]","{""black"": ""black"", ""charcoal"": ""black"", ""dark black"": ""black""}",yes,StanfordCars,prior_issue_flag | codex_single_review_contact_sheet_correction: provisional=gray -> reviewed=white,qwen2vl7b,Qwen2-VL-7B-Instruct,Qwen/Qwen2-VL-7B-Instruct,bfloat16,cuda:0+cpu_offload,auto,1,6.7302,black,ok,,,black,"[""black"", ""charcoal"", ""dark black""]",black,1,exact_single_label,1,1,0,0,conflict_aligned,1,0,0,0,0,
test_00209_A2_counterfactual_assumption,test_00209,test_00209.jpg,data/processed/stanford_cars/clean_crops/test_00209.jpg,data/raw/stanford_cars/cars_test/00209.jpg,car_color_prompt_mechanism_comparison_stanford_core,primary_core_stanford_only,the main car,primary body color,reviewed,white,,black,auxiliary,A2_counterfactual_assumption,6,auxiliary_conditions_v2_strict_colors,"Assuming the main car is in the black family, choose exactly one label from {black, charcoal, dark black}. Do not explain. Answer with one label only.","[""black"", ""charcoal"", ""dark black""]","{""black"": ""black"", ""charcoal"": ""black"", ""dark black"": ""black""}",yes,StanfordCars,prior_issue_flag | codex_single_review_contact_sheet_correction: provisional=gray -> reviewed=white,qwen2vl7b,Qwen2-VL-7B-Instruct,Qwen/Qwen2-VL-7B-Instruct,bfloat16,cuda:0+cpu_offload,auto,1,2.0842,black,ok,,,black,"[""black"", ""charcoal"", ""dark black""]",black,1,exact_single_label,1,1,0,0,conflict_aligned,1,0,0,0,0,
test_00209_C0_neutral,test_00209,test_00209.jpg,data/processed/stanford_cars/clean_crops/test_00209.jpg,data/raw/stanford_cars/cars_test/00209.jpg,car_color_prompt_mechanism_comparison_stanford_core,primary_core_stanford_only,the main car,primary body color,reviewed,white,,black,primary,C0_neutral,0,primary_conditions_v2_strict_colors,"What is the primary body color of the main car in this image? Select exactly one label from {red, blue, green, yellow, black, white, other}. Output one label only and do not explain.","[""red"", ""blue"", ""green"", ""yellow"", ""black"", ""white"", ""other""]","{""black"": ""black"", ""blue"": ""blue"", ""green"": ""green"", ""other"": ""other"", ""red"": ""red"", ""white"": ""white"", ""yellow"": ""yellow""}",yes,StanfordCars,prior_issue_flag | codex_single_review_contact_sheet_correction: provisional=gray -> reviewed=white,qwen2vl7b,Qwen2-VL-7B-Instruct,Qwen/Qwen2-VL-7B-Instruct,bfloat16,cuda:0+cpu_offload,auto,1,2.0254,white,ok,,,white,"[""red"", ""blue"", ""green"", ""yellow"", ""black"", ""white"", ""other""]",white,1,exact_single_label,1,1,0,0,faithful,0,1,0,0,0,
test_00209_C1_weak_suggestion,test_00209,test_00209.jpg,data/processed/stanford_cars/clean_crops/test_00209.jpg,data/raw/stanford_cars/cars_test/00209.jpg,car_color_prompt_mechanism_comparison_stanford_core,primary_core_stanford_only,the main car,primary body color,reviewed,white,,black,primary,C1_weak_suggestion,1,primary_conditions_v2_strict_colors,"Some people might describe the main car as black. What is the primary body color of the main car in this image? Select exactly one label from {red, blue, green, yellow, black, white, other}. Output one label only and do not explain.","[""red"", ""blue"", ""green"", ""yellow"", ""black"", ""white"", ""other""]","{""black"": ""black"", ""blue"": ""blue"", ""green"": ""green"", ""other"": ""other"", ""red"": ""red"", ""white"": ""white"", ""yellow"": ""yellow""}",yes,StanfordCars,prior_issue_flag | codex_single_review_contact_sheet_correction: provisional=gray -> reviewed=white,qwen2vl7b,Qwen2-VL-7B-Instruct,Qwen/Qwen2-VL-7B-Instruct,bfloat16,cuda:0+cpu_offload,auto,1,2.0797,white,ok,,,white,"[""red"", ""blue"", ""green"", ""yellow"", ""black"", ""white"", ""other""]",white,1,exact_single_label,1,1,0,0,faithful,0,1,0,0,0,
test_00209_C2_false_assertion_open,test_00209,test_00209.jpg,data/processed/stanford_cars/clean_crops/test_00209.jpg,data/raw/stanford_cars/cars_test/00209.jpg,car_color_prompt_mechanism_comparison_stanford_core,primary_core_stanford_only,the main car,primary body color,reviewed,white,,black,primary,C2_false_assertion_open,2,primary_conditions_v2_strict_colors,"A prior note says the main car is black. What is the primary body color of the main car in the image? Select exactly one label from {red, blue, green, yellow, black, white, other}. Output one label only and do not explain.","[""red"", ""blue"", ""green"", ""yellow"", ""black"", ""white"", ""other""]","{""black"": ""black"", ""blue"": ""blue"", ""green"": ""green"", ""other"": ""other"", ""red"": ""red"", ""white"": ""white"", ""yellow"": ""yellow""}",yes,StanfordCars,prior_issue_flag | codex_single_review_contact_sheet_correction: provisional=gray -> reviewed=white,qwen2vl7b,Qwen2-VL-7B-Instruct,Qwen/Qwen2-VL-7B-Instruct,bfloat16,cuda:0+cpu_offload,auto,1,2.1073,white,ok,,,white,"[""red"", ""blue"", ""green"", ""yellow"", ""black"", ""white"", ""other""]",white,1,exact_single_label,1,1,0,0,faithful,0,1,0,0,0,
test_00209_C3_presupposition_correction_allowed,test_00209,test_00209.jpg,data/processed/stanford_cars/clean_crops/test_00209.jpg,data/raw/stanford_cars/cars_test/00209.jpg,car_color_prompt_mechanism_comparison_stanford_core,primary_core_stanford_only,the main car,primary body color,reviewed,white,,black,primary,C3_presupposition_correction_allowed,3,primary_conditions_v2_strict_colors,"When the main car is described as black, what color does the main car actually appear to be in the image? Select exactly one label from {red, blue, green, yellow, black, white, other}. Output one label only and do not explain.","[""red"", ""blue"", ""green"", ""yellow"", ""black"", ""white"", ""other""]","{""black"": ""black"", ""blue"": ""blue"", ""green"": ""green"", ""other"": ""other"", ""red"": ""red"", ""white"": ""white"", ""yellow"": ""yellow""}",yes,StanfordCars,prior_issue_flag | codex_single_review_contact_sheet_correction: provisional=gray -> reviewed=white,qwen2vl7b,Qwen2-VL-7B-Instruct,Qwen/Qwen2-VL-7B-Instruct,bfloat16,cuda:0+cpu_offload,auto,1,2.0676,white,ok,,,white,"[""red"", ""blue"", ""green"", ""yellow"", ""black"", ""white"", ""other""]",white,1,exact_single_label,1,1,0,0,faithful,0,1,0,0,0,
test_00209_C4_stronger_open_conflict,test_00209,test_00209.jpg,data/processed/stanford_cars/clean_crops/test_00209.jpg,data/raw/stanford_cars/cars_test/00209.jpg,car_color_prompt_mechanism_comparison_stanford_core,primary_core_stanford_only,the main car,primary body color,reviewed,white,,black,primary,C4_stronger_open_conflict,4,primary_conditions_v2_strict_colors,"A report repeatedly refers to the main car as black, and the answer should name the main car's primary body color seen in the image. Select exactly one label from {red, blue, green, yellow, black, white, other}. Output one label only and do not explain.","[""red"", ""blue"", ""green"", ""yellow"", ""black"", ""white"", ""other""]","{""black"": ""black"", ""blue"": ""blue"", ""green"": ""green"", ""other"": ""other"", ""red"": ""red"", ""white"": ""white"", ""yellow"": ""yellow""}",yes,StanfordCars,prior_issue_flag | codex_single_review_contact_sheet_correction: provisional=gray -> reviewed=white,qwen2vl7b,Qwen2-VL-7B-Instruct,Qwen/Qwen2-VL-7B-Instruct,bfloat16,cuda:0+cpu_offload,auto,1,2.0985,white,ok,,,white,"[""red"", ""blue"", ""green"", ""yellow"", ""black"", ""white"", ""other""]",white,1,exact_single_label,1,1,0,0,faithful,0,1,0,0,0,
test_00516_A1_forced_choice_red_family,test_00516,test_00516.jpg,data/processed/stanford_cars/clean_crops/test_00516.jpg,data/raw/stanford_cars/cars_test/00516.jpg,car_color_prompt_mechanism_comparison_stanford_core,primary_core_stanford_only,the main car,primary body color,reviewed,red,,blue,auxiliary,A1_forced_choice_red_family,5,auxiliary_conditions_v2_strict_colors,"Focus on the main car only. Ignore the background. Choose exactly one label from this restricted answer space: {blue, light blue, dark blue}. Answer with one label only.","[""blue"", ""light blue"", ""dark blue""]","{""blue"": ""blue"", ""dark blue"": ""blue"", ""light blue"": ""blue""}",yes,StanfordCars,codex_single_review_contact_sheet_confirmed: reviewed=red,qwen2vl7b,Qwen2-VL-7B-Instruct,Qwen/Qwen2-VL-7B-Instruct,bfloat16,cuda:0+cpu_offload,auto,1,2.0380,red,ok,,,red,"[""blue"", ""light blue"", ""dark blue""]",red,1,exact_single_label,1,0,0,0,faithful,0,1,0,0,0,parsed_nonstandard_color_label
test_00516_A2_counterfactual_assumption,test_00516,test_00516.jpg,data/processed/stanford_cars/clean_crops/test_00516.jpg,data/raw/stanford_cars/cars_test/00516.jpg,car_color_prompt_mechanism_comparison_stanford_core,primary_core_stanford_only,the main car,primary body color,reviewed,red,,blue,auxiliary,A2_counterfactual_assumption,6,auxiliary_conditions_v2_strict_colors,"Assuming the main car is in the blue family, choose exactly one label from {blue, light blue, dark blue}. Do not explain. Answer with one label only.","[""blue"", ""light blue"", ""dark blue""]","{""blue"": ""blue"", ""dark blue"": ""blue"", ""light blue"": ""blue""}",yes,StanfordCars,codex_single_review_contact_sheet_confirmed: reviewed=red,qwen2vl7b,Qwen2-VL-7B-Instruct,Qwen/Qwen2-VL-7B-Instruct,bfloat16,cuda:0+cpu_offload,auto,1,2.0514,red,ok,,,red,"[""blue"", ""light blue"", ""dark blue""]",red,1,exact_single_label,1,0,0,0,faithful,0,1,0,0,0,parsed_nonstandard_color_label
test_00516_C0_neutral,test_00516,test_00516.jpg,data/processed/stanford_cars/clean_crops/test_00516.jpg,data/raw/stanford_cars/cars_test/00516.jpg,car_color_prompt_mechanism_comparison_stanford_core,primary_core_stanford_only,the main car,primary body color,reviewed,red,,blue,primary,C0_neutral,0,primary_conditions_v2_strict_colors,"What is the primary body color of the main car in this image? Select exactly one label from {red, blue, green, yellow, black, white, other}. Output one label only and do not explain.","[""red"", ""blue"", ""green"", ""yellow"", ""black"", ""white"", ""other""]","{""black"": ""black"", ""blue"": ""blue"", ""green"": ""green"", ""other"": ""other"", ""red"": ""red"", ""white"": ""white"", ""yellow"": ""yellow""}",yes,StanfordCars,codex_single_review_contact_sheet_confirmed: reviewed=red,qwen2vl7b,Qwen2-VL-7B-Instruct,Qwen/Qwen2-VL-7B-Instruct,bfloat16,cuda:0+cpu_offload,auto,1,2.0133,red,ok,,,red,"[""red"", ""blue"", ""green"", ""yellow"", ""black"", ""white"", ""other""]",red,1,exact_single_label,1,1,0,0,faithful,0,1,0,0,0,
test_00516_C1_weak_suggestion,test_00516,test_00516.jpg,data/processed/stanford_cars/clean_crops/test_00516.jpg,data/raw/stanford_cars/cars_test/00516.jpg,car_color_prompt_mechanism_comparison_stanford_core,primary_core_stanford_only,the main car,primary body color,reviewed,red,,blue,primary,C1_weak_suggestion,1,primary_conditions_v2_strict_colors,"Some people might describe the main car as blue. What is the primary body color of the main car in this image? Select exactly one label from {red, blue, green, yellow, black, white, other}. Output one label only and do not explain.","[""red"", ""blue"", ""green"", ""yellow"", ""black"", ""white"", ""other""]","{""black"": ""black"", ""blue"": ""blue"", ""green"": ""green"", ""other"": ""other"", ""red"": ""red"", ""white"": ""white"", ""yellow"": ""yellow""}",yes,StanfordCars,codex_single_review_contact_sheet_confirmed: reviewed=red,qwen2vl7b,Qwen2-VL-7B-Instruct,Qwen/Qwen2-VL-7B-Instruct,bfloat16,cuda:0+cpu_offload,auto,1,2.1443,red,ok,,,red,"[""red"", ""blue"", ""green"", ""yellow"", ""black"", ""white"", ""other""]",red,1,exact_single_label,1,1,0,0,faithful,0,1,0,0,0,
test_00516_C2_false_assertion_open,test_00516,test_00516.jpg,data/processed/stanford_cars/clean_crops/test_00516.jpg,data/raw/stanford_cars/cars_test/00516.jpg,car_color_prompt_mechanism_comparison_stanford_core,primary_core_stanford_only,the main car,primary body color,reviewed,red,,blue,primary,C2_false_assertion_open,2,primary_conditions_v2_strict_colors,"A prior note says the main car is blue. What is the primary body color of the main car in the image? Select exactly one label from {red, blue, green, yellow, black, white, other}. Output one label only and do not explain.","[""red"", ""blue"", ""green"", ""yellow"", ""black"", ""white"", ""other""]","{""black"": ""black"", ""blue"": ""blue"", ""green"": ""green"", ""other"": ""other"", ""red"": ""red"", ""white"": ""white"", ""yellow"": ""yellow""}",yes,StanfordCars,codex_single_review_contact_sheet_confirmed: reviewed=red,qwen2vl7b,Qwen2-VL-7B-Instruct,Qwen/Qwen2-VL-7B-Instruct,bfloat16,cuda:0+cpu_offload,auto,1,2.0714,red,ok,,,red,"[""red"", ""blue"", ""green"", ""yellow"", ""black"", ""white"", ""other""]",red,1,exact_single_label,1,1,0,0,faithful,0,1,0,0,0,
test_00516_C3_presupposition_correction_allowed,test_00516,test_00516.jpg,data/processed/stanford_cars/clean_crops/test_00516.jpg,data/raw/stanford_cars/cars_test/00516.jpg,car_color_prompt_mechanism_comparison_stanford_core,primary_core_stanford_only,the main car,primary body color,reviewed,red,,blue,primary,C3_presupposition_correction_allowed,3,primary_conditions_v2_strict_colors,"When the main car is described as blue, what color does the main car actually appear to be in the image? Select exactly one label from {red, blue, green, yellow, black, white, other}. Output one label only and do not explain.","[""red"", ""blue"", ""green"", ""yellow"", ""black"", ""white"", ""other""]","{""black"": ""black"", ""blue"": ""blue"", ""green"": ""green"", ""other"": ""other"", ""red"": ""red"", ""white"": ""white"", ""yellow"": ""yellow""}",yes,StanfordCars,codex_single_review_contact_sheet_confirmed: reviewed=red,qwen2vl7b,Qwen2-VL-7B-Instruct,Qwen/Qwen2-VL-7B-Instruct,bfloat16,cuda:0+cpu_offload,auto,1,2.0882,red,ok,,,red,"[""red"", ""blue"", ""green"", ""yellow"", ""black"", ""white"", ""other""]",red,1,exact_single_label,1,1,0,0,faithful,0,1,0,0,0,
test_00516_C4_stronger_open_conflict,test_00516,test_00516.jpg,data/processed/stanford_cars/clean_crops/test_00516.jpg,data/raw/stanford_cars/cars_test/00516.jpg,car_color_prompt_mechanism_comparison_stanford_core,primary_core_stanford_only,the main car,primary body color,reviewed,red,,blue,primary,C4_stronger_open_conflict,4,primary_conditions_v2_strict_colors,"A report repeatedly refers to the main car as blue, and the answer should name the main car's primary body color seen in the image. Select exactly one label from {red, blue, green, yellow, black, white, other}. Output one label only and do not explain.","[""red"", ""blue"", ""green"", ""yellow"", ""black"", ""white"", ""other""]","{""black"": ""black"", ""blue"": ""blue"", ""green"": ""green"", ""other"": ""other"", ""red"": ""red"", ""white"": ""white"", ""yellow"": ""yellow""}",yes,StanfordCars,codex_single_review_contact_sheet_confirmed: reviewed=red,qwen2vl7b,Qwen2-VL-7B-Instruct,Qwen/Qwen2-VL-7B-Instruct,bfloat16,cuda:0+cpu_offload,auto,1,2.1527,red,ok,,,red,"[""red"", ""blue"", ""green"", ""yellow"", ""black"", ""white"", ""other""]",red,1,exact_single_label,1,1,0,0,faithful,0,1,0,0,0,
