image_id,cropped_path,original_path,current_truth,current_truth_source,acceptable_true_colors,include_in_primary_main_analysis,prior_issue_flag,reviewer_check_needed,annotator_label,include_in_formal_analysis,annotation_status,notes
test_03234,data/processed/stanford_cars/clean_crops/test_03234.jpg,data/raw/stanford_cars/cars_test/03234.jpg,black,reviewed,,yes,yes,yes,,,,prior_issue_flag | reviewer_check_needed | codex_single_review_contact_sheet_correction: provisional=gray -> reviewed=black | residual_black_vehicle_misread_after_v2_refresh
test_03550,data/processed/stanford_cars/clean_crops/test_03550.jpg,data/raw/stanford_cars/cars_test/03550.jpg,black,reviewed,,yes,yes,no,,,,prior_issue_flag | codex_second_review_correction: reviewed=red -> black; reason=other_wrong_audit
test_03602,data/processed/stanford_cars/clean_crops/test_03602.jpg,data/raw/stanford_cars/cars_test/03602.jpg,black,reviewed,,yes,no,no,,,,codex_single_review_contact_sheet_confirmed: reviewed=black
test_03648,data/processed/stanford_cars/clean_crops/test_03648.jpg,data/raw/stanford_cars/cars_test/03648.jpg,black,manual_review_v3,,yes,no,no,,,,manual_expansion_include_v3 | manual_expansion_include_clean_visual_color | quality_score=0.7775; color_confidence=0.798; background_complexity=0.5767; foreground_dominant_share=0.2536
test_03801,data/processed/stanford_cars/clean_crops/test_03801.jpg,data/raw/stanford_cars/cars_test/03801.jpg,black,reviewed,,yes,yes,no,,,,prior_issue_flag | codex_second_review_correction: reviewed=blue -> black; reason=other_wrong_audit
test_04127,data/processed/stanford_cars/clean_crops/test_04127.jpg,data/raw/stanford_cars/cars_test/04127.jpg,black,manual_review_v3,,yes,no,no,,,,manual_expansion_include_v3 | manual_expansion_include_clean_visual_color | quality_score=0.7775; color_confidence=0.85; background_complexity=0.5469; foreground_dominant_share=0.2367
test_05126,data/processed/stanford_cars/clean_crops/test_05126.jpg,data/raw/stanford_cars/cars_test/05126.jpg,black,reviewed,,yes,yes,no,,,,prior_issue_flag | codex_second_review_correction: reviewed=blue -> black; reason=other_wrong_audit
test_05187,data/processed/stanford_cars/clean_crops/test_05187.jpg,data/raw/stanford_cars/cars_test/05187.jpg,black,reviewed,,yes,yes,no,,,,prior_issue_flag | codex_single_review_contact_sheet_correction: provisional=gray -> reviewed=black
test_05360,data/processed/stanford_cars/clean_crops/test_05360.jpg,data/raw/stanford_cars/cars_test/05360.jpg,black,reviewed,,yes,no,no,,,,codex_single_review_contact_sheet_confirmed: reviewed=black
test_05438,data/processed/stanford_cars/clean_crops/test_05438.jpg,data/raw/stanford_cars/cars_test/05438.jpg,black,reviewed,,yes,no,no,,,,codex_single_review_contact_sheet_confirmed: reviewed=black
test_06382,data/processed/stanford_cars/clean_crops/test_06382.jpg,data/raw/stanford_cars/cars_test/06382.jpg,black,reviewed,,yes,no,no,,,,codex_single_review_contact_sheet_confirmed: reviewed=black
test_07040,data/processed/stanford_cars/clean_crops/test_07040.jpg,data/raw/stanford_cars/cars_test/07040.jpg,black,reviewed,,yes,yes,no,,,,prior_issue_flag | codex_second_review_correction: reviewed=green -> black; reason=other_wrong_audit
test_07372,data/processed/stanford_cars/clean_crops/test_07372.jpg,data/raw/stanford_cars/cars_test/07372.jpg,black,reviewed,,yes,no,no,,,,codex_single_review_contact_sheet_confirmed: reviewed=black
test_07373,data/processed/stanford_cars/clean_crops/test_07373.jpg,data/raw/stanford_cars/cars_test/07373.jpg,black,reviewed,,yes,no,no,,,,codex_single_review_contact_sheet_confirmed: reviewed=black
test_08002,data/processed/stanford_cars/clean_crops/test_08002.jpg,data/raw/stanford_cars/cars_test/08002.jpg,black,reviewed,,yes,no,no,,,,codex_single_review_contact_sheet_confirmed: reviewed=black
train_00211,data/processed/stanford_cars/clean_crops/train_00211.jpg,data/raw/stanford_cars/cars_train/00211.jpg,black,reviewed,,yes,yes,no,,,,prior_issue_flag | codex_second_review_correction: reviewed=blue -> black; reason=other_wrong_audit
train_00296,data/processed/stanford_cars/clean_crops/train_00296.jpg,data/raw/stanford_cars/cars_train/00296.jpg,black,manual_review_v3,,yes,no,no,,,,manual_expansion_include_v3 | manual_expansion_include_clean_visual_color | quality_score=0.7566; color_confidence=0.821; background_complexity=0.5308; foreground_dominant_share=0.2058
train_01561,data/processed/stanford_cars/clean_crops/train_01561.jpg,data/raw/stanford_cars/cars_train/01561.jpg,black,reviewed,,yes,yes,no,,,,prior_issue_flag | codex_second_review_correction: reviewed=red -> black; reason=other_wrong_audit
train_01610,data/processed/stanford_cars/clean_crops/train_01610.jpg,data/raw/stanford_cars/cars_train/01610.jpg,black,reviewed,,yes,yes,no,,,,prior_issue_flag | codex_second_review_correction: reviewed=red -> black; reason=other_wrong_audit
train_01804,data/processed/stanford_cars/clean_crops/train_01804.jpg,data/raw/stanford_cars/cars_train/01804.jpg,black,manual_review_v3,,yes,no,no,,,,manual_expansion_include_v3 | manual_expansion_include_clean_visual_color | quality_score=0.7712; color_confidence=0.831; background_complexity=0.6274; foreground_dominant_share=0.3568
train_02078,data/processed/stanford_cars/clean_crops/train_02078.jpg,data/raw/stanford_cars/cars_train/02078.jpg,black,manual_review_v3,,yes,no,no,,,,manual_expansion_include_v3 | manual_expansion_include_clean_visual_color | quality_score=0.7705; color_confidence=0.857; background_complexity=0.6207; foreground_dominant_share=0.5443
train_02205,data/processed/stanford_cars/clean_crops/train_02205.jpg,data/raw/stanford_cars/cars_train/02205.jpg,black,reviewed,,yes,no,no,,,,codex_single_review_contact_sheet_confirmed: reviewed=black
train_03134,data/processed/stanford_cars/clean_crops/train_03134.jpg,data/raw/stanford_cars/cars_train/03134.jpg,black,reviewed,,yes,yes,no,,,,prior_issue_flag | codex_second_review_correction: reviewed=blue -> black; reason=other_wrong_audit
train_03820,data/processed/stanford_cars/clean_crops/train_03820.jpg,data/raw/stanford_cars/cars_train/03820.jpg,black,reviewed,,yes,no,no,,,,codex_single_review_contact_sheet_confirmed: reviewed=black
train_05311,data/processed/stanford_cars/clean_crops/train_05311.jpg,data/raw/stanford_cars/cars_train/05311.jpg,black,reviewed,,yes,no,no,,,,codex_single_review_contact_sheet_confirmed: reviewed=black
train_05381,data/processed/stanford_cars/clean_crops/train_05381.jpg,data/raw/stanford_cars/cars_train/05381.jpg,black,manual_review_v3,,yes,no,no,,,,manual_expansion_include_v3 | manual_expansion_include_clean_visual_color | quality_score=0.7691; color_confidence=0.869; background_complexity=0.3747; foreground_dominant_share=0.2412
train_05759,data/processed/stanford_cars/clean_crops/train_05759.jpg,data/raw/stanford_cars/cars_train/05759.jpg,black,reviewed,,yes,no,no,,,,codex_single_review_contact_sheet_confirmed: reviewed=black
train_06414,data/processed/stanford_cars/clean_crops/train_06414.jpg,data/raw/stanford_cars/cars_train/06414.jpg,black,reviewed,,yes,yes,no,,,,prior_issue_flag | codex_second_review_correction: reviewed=blue -> black; reason=other_wrong_audit
train_08107,data/processed/stanford_cars/clean_crops/train_08107.jpg,data/raw/stanford_cars/cars_train/08107.jpg,black,reviewed,,yes,no,no,,,,codex_single_review_contact_sheet_confirmed: reviewed=black
test_01711,data/processed/stanford_cars/clean_crops/test_01711.jpg,data/raw/stanford_cars/cars_test/01711.jpg,blue,manual_review_v3,,yes,no,no,,,,manual_expansion_include_v3 | manual_expansion_include_clean_visual_color | quality_score=0.7663; color_confidence=0.936; background_complexity=0.473; foreground_dominant_share=0.2177
test_03891,data/processed/stanford_cars/clean_crops/test_03891.jpg,data/raw/stanford_cars/cars_test/03891.jpg,blue,reviewed,,yes,no,no,,,,codex_single_review_contact_sheet_confirmed: reviewed=blue
test_04205,data/processed/stanford_cars/clean_crops/test_04205.jpg,data/raw/stanford_cars/cars_test/04205.jpg,blue,manual_review_v3,,yes,no,no,,,,manual_expansion_include_v3 | manual_expansion_include_clean_visual_color | quality_score=0.7616; color_confidence=0.95; background_complexity=0.5316; foreground_dominant_share=0.1027
test_04242,data/processed/stanford_cars/clean_crops/test_04242.jpg,data/raw/stanford_cars/cars_test/04242.jpg,blue,reviewed,,yes,no,no,,,,codex_single_review_contact_sheet_confirmed: reviewed=blue
test_05003,data/processed/stanford_cars/clean_crops/test_05003.jpg,data/raw/stanford_cars/cars_test/05003.jpg,blue,reviewed,,yes,no,no,,,,codex_single_review_contact_sheet_confirmed: reviewed=blue
test_05228,data/processed/stanford_cars/clean_crops/test_05228.jpg,data/raw/stanford_cars/cars_test/05228.jpg,blue,reviewed,,yes,no,no,,,,codex_single_review_contact_sheet_confirmed: reviewed=blue
test_05875,data/processed/stanford_cars/clean_crops/test_05875.jpg,data/raw/stanford_cars/cars_test/05875.jpg,blue,reviewed,,yes,no,no,,,,codex_single_review_contact_sheet_confirmed: reviewed=blue
test_06636,data/processed/stanford_cars/clean_crops/test_06636.jpg,data/raw/stanford_cars/cars_test/06636.jpg,blue,manual_review_v3,,yes,no,no,,,,manual_expansion_include_v3 | manual_expansion_include_clean_visual_color | quality_score=0.7717; color_confidence=0.954; background_complexity=0.5787; foreground_dominant_share=0.1254
test_07222,data/processed/stanford_cars/clean_crops/test_07222.jpg,data/raw/stanford_cars/cars_test/07222.jpg,blue,reviewed,,yes,no,no,,,,codex_single_review_contact_sheet_confirmed: reviewed=blue
test_07534,data/processed/stanford_cars/clean_crops/test_07534.jpg,data/raw/stanford_cars/cars_test/07534.jpg,blue,reviewed,,yes,no,no,,,,codex_single_review_contact_sheet_confirmed: reviewed=blue
test_08030,data/processed/stanford_cars/clean_crops/test_08030.jpg,data/raw/stanford_cars/cars_test/08030.jpg,blue,reviewed,,yes,no,no,,,,codex_single_review_contact_sheet_confirmed: reviewed=blue
train_00771,data/processed/stanford_cars/clean_crops/train_00771.jpg,data/raw/stanford_cars/cars_train/00771.jpg,blue,reviewed,,yes,no,no,,,,codex_single_review_contact_sheet_confirmed: reviewed=blue
train_02755,data/processed/stanford_cars/clean_crops/train_02755.jpg,data/raw/stanford_cars/cars_train/02755.jpg,blue,manual_review_v3,,yes,no,no,,,,manual_expansion_include_v3 | manual_expansion_include_clean_visual_color | quality_score=0.7689; color_confidence=0.97; background_complexity=0.5503; foreground_dominant_share=0.2314
train_03962,data/processed/stanford_cars/clean_crops/train_03962.jpg,data/raw/stanford_cars/cars_train/03962.jpg,blue,manual_review_v3,,yes,no,no,,,,manual_expansion_include_v3 | manual_expansion_include_clean_visual_color | quality_score=0.7707; color_confidence=0.94; background_complexity=0.5711; foreground_dominant_share=0.1816
train_05119,data/processed/stanford_cars/clean_crops/train_05119.jpg,data/raw/stanford_cars/cars_train/05119.jpg,blue,manual_review_v3,,yes,no,no,,,,manual_expansion_include_v3 | manual_expansion_include_clean_visual_color | quality_score=0.7677; color_confidence=0.952; background_complexity=0.4238; foreground_dominant_share=0.1029
train_05272,data/processed/stanford_cars/clean_crops/train_05272.jpg,data/raw/stanford_cars/cars_train/05272.jpg,blue,reviewed,,yes,no,no,,,,codex_single_review_contact_sheet_confirmed: reviewed=blue
train_05653,data/processed/stanford_cars/clean_crops/train_05653.jpg,data/raw/stanford_cars/cars_train/05653.jpg,blue,reviewed,,yes,no,no,,,,codex_single_review_contact_sheet_confirmed: reviewed=blue
train_06084,data/processed/stanford_cars/clean_crops/train_06084.jpg,data/raw/stanford_cars/cars_train/06084.jpg,blue,manual_review_v3,,yes,no,no,,,,manual_expansion_include_v3 | manual_expansion_include_clean_visual_color | quality_score=0.7723; color_confidence=0.946; background_complexity=0.5131; foreground_dominant_share=0.1462
train_06765,data/processed/stanford_cars/clean_crops/train_06765.jpg,data/raw/stanford_cars/cars_train/06765.jpg,blue,manual_review_v3,,yes,no,no,,,,manual_expansion_include_v3 | manual_expansion_include_clean_visual_color | quality_score=0.7552; color_confidence=0.951; background_complexity=0.504; foreground_dominant_share=0.2306
train_06880,data/processed/stanford_cars/clean_crops/train_06880.jpg,data/raw/stanford_cars/cars_train/06880.jpg,blue,reviewed,,yes,no,no,,,,codex_single_review_contact_sheet_confirmed: reviewed=blue
train_07761,data/processed/stanford_cars/clean_crops/train_07761.jpg,data/raw/stanford_cars/cars_train/07761.jpg,blue,manual_review_v3,,yes,no,no,,,,manual_expansion_include_v3 | manual_expansion_include_clean_visual_color | quality_score=0.7654; color_confidence=0.949; background_complexity=0.5202; foreground_dominant_share=0.0713
test_00667,data/processed/stanford_cars/clean_crops/test_00667.jpg,data/raw/stanford_cars/cars_test/00667.jpg,green,reviewed,,yes,yes,no,,,,prior_issue_flag | codex_single_review_contact_sheet_correction: provisional=yellow -> reviewed=green
train_00913,data/processed/stanford_cars/clean_crops/train_00913.jpg,data/raw/stanford_cars/cars_train/00913.jpg,green,reviewed,,yes,no,no,,,,codex_single_review_contact_sheet_confirmed: reviewed=green
test_00516,data/processed/stanford_cars/clean_crops/test_00516.jpg,data/raw/stanford_cars/cars_test/00516.jpg,red,reviewed,,yes,no,no,,,,codex_single_review_contact_sheet_confirmed: reviewed=red
test_01561,data/processed/stanford_cars/clean_crops/test_01561.jpg,data/raw/stanford_cars/cars_test/01561.jpg,red,reviewed,,yes,no,no,,,,codex_single_review_contact_sheet_confirmed: reviewed=red
test_01593,data/processed/stanford_cars/clean_crops/test_01593.jpg,data/raw/stanford_cars/cars_test/01593.jpg,red,reviewed,,yes,no,no,,,,codex_single_review_contact_sheet_confirmed: reviewed=red
test_01672,data/processed/stanford_cars/clean_crops/test_01672.jpg,data/raw/stanford_cars/cars_test/01672.jpg,red,reviewed,,yes,no,no,,,,codex_single_review_contact_sheet_confirmed: reviewed=red
test_01909,data/processed/stanford_cars/clean_crops/test_01909.jpg,data/raw/stanford_cars/cars_test/01909.jpg,red,manual_review_v3,,yes,no,no,,,,manual_expansion_include_v3 | manual_expansion_include_clean_visual_color | quality_score=0.774; color_confidence=0.946; background_complexity=0.6277; foreground_dominant_share=0.1069
test_02405,data/processed/stanford_cars/clean_crops/test_02405.jpg,data/raw/stanford_cars/cars_test/02405.jpg,red,reviewed,,yes,no,no,,,,codex_single_review_contact_sheet_confirmed: reviewed=red
test_02679,data/processed/stanford_cars/clean_crops/test_02679.jpg,data/raw/stanford_cars/cars_test/02679.jpg,red,reviewed,,yes,no,no,,,,codex_single_review_contact_sheet_confirmed: reviewed=red
test_02925,data/processed/stanford_cars/clean_crops/test_02925.jpg,data/raw/stanford_cars/cars_test/02925.jpg,red,reviewed,,yes,no,no,,,,codex_single_review_contact_sheet_confirmed: reviewed=red
test_03118,data/processed/stanford_cars/clean_crops/test_03118.jpg,data/raw/stanford_cars/cars_test/03118.jpg,red,manual_review_v3,,yes,no,no,,,,manual_expansion_include_v3 | manual_expansion_include_clean_visual_color | quality_score=0.7799; color_confidence=0.944; background_complexity=0.4208; foreground_dominant_share=0.0697
test_03302,data/processed/stanford_cars/clean_crops/test_03302.jpg,data/raw/stanford_cars/cars_test/03302.jpg,red,reviewed,,yes,no,no,,,,codex_single_review_contact_sheet_confirmed: reviewed=red
test_03419,data/processed/stanford_cars/clean_crops/test_03419.jpg,data/raw/stanford_cars/cars_test/03419.jpg,red,reviewed,,yes,no,no,,,,codex_single_review_contact_sheet_confirmed: reviewed=red
test_03590,data/processed/stanford_cars/clean_crops/test_03590.jpg,data/raw/stanford_cars/cars_test/03590.jpg,red,reviewed,,yes,no,no,,,,codex_single_review_contact_sheet_confirmed: reviewed=red
test_03719,data/processed/stanford_cars/clean_crops/test_03719.jpg,data/raw/stanford_cars/cars_test/03719.jpg,red,reviewed,,yes,no,no,,,,codex_single_review_contact_sheet_confirmed: reviewed=red
test_03893,data/processed/stanford_cars/clean_crops/test_03893.jpg,data/raw/stanford_cars/cars_test/03893.jpg,red,reviewed,,yes,no,no,,,,codex_single_review_contact_sheet_confirmed: reviewed=red
test_04452,data/processed/stanford_cars/clean_crops/test_04452.jpg,data/raw/stanford_cars/cars_test/04452.jpg,red,reviewed,,yes,no,no,,,,codex_single_review_contact_sheet_confirmed: reviewed=red
test_04688,data/processed/stanford_cars/clean_crops/test_04688.jpg,data/raw/stanford_cars/cars_test/04688.jpg,red,reviewed,,yes,no,no,,,,codex_single_review_contact_sheet_confirmed: reviewed=red
test_04721,data/processed/stanford_cars/clean_crops/test_04721.jpg,data/raw/stanford_cars/cars_test/04721.jpg,red,reviewed,,yes,no,no,,,,codex_single_review_contact_sheet_confirmed: reviewed=red
test_05596,data/processed/stanford_cars/clean_crops/test_05596.jpg,data/raw/stanford_cars/cars_test/05596.jpg,red,reviewed,,yes,no,no,,,,codex_single_review_contact_sheet_confirmed: reviewed=red
test_05791,data/processed/stanford_cars/clean_crops/test_05791.jpg,data/raw/stanford_cars/cars_test/05791.jpg,red,manual_review_v3,,yes,no,no,,,,manual_expansion_include_v3 | manual_expansion_include_clean_visual_color | quality_score=0.7801; color_confidence=0.942; background_complexity=0.4685; foreground_dominant_share=0.0645
test_05992,data/processed/stanford_cars/clean_crops/test_05992.jpg,data/raw/stanford_cars/cars_test/05992.jpg,red,reviewed,,yes,no,no,,,,codex_single_review_contact_sheet_confirmed: reviewed=red
test_06012,data/processed/stanford_cars/clean_crops/test_06012.jpg,data/raw/stanford_cars/cars_test/06012.jpg,red,manual_review_v3,,yes,no,no,,,,manual_expansion_include_v3 | manual_expansion_include_clean_visual_color | quality_score=0.7704; color_confidence=0.936; background_complexity=0.5342; foreground_dominant_share=0.059
test_06420,data/processed/stanford_cars/clean_crops/test_06420.jpg,data/raw/stanford_cars/cars_test/06420.jpg,red,reviewed,,yes,no,no,,,,codex_single_review_contact_sheet_confirmed: reviewed=red
test_06488,data/processed/stanford_cars/clean_crops/test_06488.jpg,data/raw/stanford_cars/cars_test/06488.jpg,red,manual_review_v3,,yes,no,no,,,,manual_expansion_include_v3 | manual_expansion_include_clean_visual_color | quality_score=0.7821; color_confidence=0.906; background_complexity=0.596; foreground_dominant_share=0.1055
test_06865,data/processed/stanford_cars/clean_crops/test_06865.jpg,data/raw/stanford_cars/cars_test/06865.jpg,red,reviewed,,yes,no,no,,,,codex_single_review_contact_sheet_confirmed: reviewed=red
test_07513,data/processed/stanford_cars/clean_crops/test_07513.jpg,data/raw/stanford_cars/cars_test/07513.jpg,red,manual_review_v3,,yes,no,no,,,,manual_expansion_include_v3 | manual_expansion_include_clean_visual_color | quality_score=0.7776; color_confidence=0.945; background_complexity=0.6085; foreground_dominant_share=0.1037
train_00046,data/processed/stanford_cars/clean_crops/train_00046.jpg,data/raw/stanford_cars/cars_train/00046.jpg,red,reviewed,,yes,no,no,,,,codex_single_review_contact_sheet_confirmed: reviewed=red
train_00966,data/processed/stanford_cars/clean_crops/train_00966.jpg,data/raw/stanford_cars/cars_train/00966.jpg,red,reviewed,,yes,no,no,,,,codex_single_review_contact_sheet_confirmed: reviewed=red
train_01144,data/processed/stanford_cars/clean_crops/train_01144.jpg,data/raw/stanford_cars/cars_train/01144.jpg,red,reviewed,,yes,no,no,,,,codex_single_review_contact_sheet_confirmed: reviewed=red
train_01395,data/processed/stanford_cars/clean_crops/train_01395.jpg,data/raw/stanford_cars/cars_train/01395.jpg,red,manual_review_v3,,yes,no,no,,,,manual_expansion_include_v3 | manual_expansion_include_clean_visual_color | quality_score=0.7736; color_confidence=0.943; background_complexity=0.5355; foreground_dominant_share=0.137
train_01557,data/processed/stanford_cars/clean_crops/train_01557.jpg,data/raw/stanford_cars/cars_train/01557.jpg,red,manual_review_v3,,yes,no,no,,,,manual_expansion_include_v3 | manual_expansion_include_clean_visual_color | quality_score=0.7779; color_confidence=0.954; background_complexity=0.6404; foreground_dominant_share=0.2331
train_01724,data/processed/stanford_cars/clean_crops/train_01724.jpg,data/raw/stanford_cars/cars_train/01724.jpg,red,manual_review_v3,,yes,no,no,,,,manual_expansion_include_v3 | manual_expansion_include_clean_visual_color | quality_score=0.7772; color_confidence=0.916; background_complexity=0.4458; foreground_dominant_share=0.1014
train_02396,data/processed/stanford_cars/clean_crops/train_02396.jpg,data/raw/stanford_cars/cars_train/02396.jpg,red,reviewed,,yes,no,no,,,,codex_single_review_contact_sheet_confirmed: reviewed=red
train_02608,data/processed/stanford_cars/clean_crops/train_02608.jpg,data/raw/stanford_cars/cars_train/02608.jpg,red,reviewed,,yes,no,no,,,,codex_single_review_contact_sheet_confirmed: reviewed=red
train_02863,data/processed/stanford_cars/clean_crops/train_02863.jpg,data/raw/stanford_cars/cars_train/02863.jpg,red,reviewed,,yes,no,no,,,,codex_single_review_contact_sheet_confirmed: reviewed=red
train_02890,data/processed/stanford_cars/clean_crops/train_02890.jpg,data/raw/stanford_cars/cars_train/02890.jpg,red,reviewed,,yes,no,no,,,,codex_single_review_contact_sheet_confirmed: reviewed=red
train_02898,data/processed/stanford_cars/clean_crops/train_02898.jpg,data/raw/stanford_cars/cars_train/02898.jpg,red,manual_review_v3,,yes,no,no,,,,manual_expansion_include_v3 | manual_expansion_include_clean_visual_color | quality_score=0.7728; color_confidence=0.941; background_complexity=0.5897; foreground_dominant_share=0.0719
train_03610,data/processed/stanford_cars/clean_crops/train_03610.jpg,data/raw/stanford_cars/cars_train/03610.jpg,red,manual_review_v3,,yes,no,no,,,,manual_expansion_include_v3 | manual_expansion_include_clean_visual_color | quality_score=0.7806; color_confidence=0.915; background_complexity=0.6399; foreground_dominant_share=0.1439
train_03771,data/processed/stanford_cars/clean_crops/train_03771.jpg,data/raw/stanford_cars/cars_train/03771.jpg,red,reviewed,,yes,no,no,,,,codex_single_review_contact_sheet_confirmed: reviewed=red
train_03809,data/processed/stanford_cars/clean_crops/train_03809.jpg,data/raw/stanford_cars/cars_train/03809.jpg,red,reviewed,,yes,no,no,,,,codex_single_review_contact_sheet_confirmed: reviewed=red
train_03923,data/processed/stanford_cars/clean_crops/train_03923.jpg,data/raw/stanford_cars/cars_train/03923.jpg,red,reviewed,,yes,no,no,,,,codex_single_review_contact_sheet_confirmed: reviewed=red
train_04049,data/processed/stanford_cars/clean_crops/train_04049.jpg,data/raw/stanford_cars/cars_train/04049.jpg,red,reviewed,,yes,no,no,,,,codex_single_review_contact_sheet_confirmed: reviewed=red
train_04125,data/processed/stanford_cars/clean_crops/train_04125.jpg,data/raw/stanford_cars/cars_train/04125.jpg,red,reviewed,,yes,no,no,,,,codex_single_review_contact_sheet_confirmed: reviewed=red
train_04796,data/processed/stanford_cars/clean_crops/train_04796.jpg,data/raw/stanford_cars/cars_train/04796.jpg,red,reviewed,,yes,no,no,,,,codex_single_review_contact_sheet_confirmed: reviewed=red
train_04837,data/processed/stanford_cars/clean_crops/train_04837.jpg,data/raw/stanford_cars/cars_train/04837.jpg,red,manual_review_v3,,yes,no,no,,,,manual_expansion_include_v3 | manual_expansion_include_clean_visual_color | quality_score=0.7774; color_confidence=0.935; background_complexity=0.5669; foreground_dominant_share=0.1766
train_04878,data/processed/stanford_cars/clean_crops/train_04878.jpg,data/raw/stanford_cars/cars_train/04878.jpg,red,reviewed,,yes,no,no,,,,codex_single_review_contact_sheet_confirmed: reviewed=red
train_05058,data/processed/stanford_cars/clean_crops/train_05058.jpg,data/raw/stanford_cars/cars_train/05058.jpg,red,reviewed,,yes,no,no,,,,codex_single_review_contact_sheet_confirmed: reviewed=red
train_05174,data/processed/stanford_cars/clean_crops/train_05174.jpg,data/raw/stanford_cars/cars_train/05174.jpg,red,manual_review_v3,,yes,no,no,,,,manual_expansion_include_v3 | manual_expansion_include_clean_visual_color | quality_score=0.7713; color_confidence=0.944; background_complexity=0.4276; foreground_dominant_share=0.0723
train_05289,data/processed/stanford_cars/clean_crops/train_05289.jpg,data/raw/stanford_cars/cars_train/05289.jpg,red,manual_review_v3,,yes,no,no,,,,manual_expansion_include_v3 | manual_expansion_include_clean_visual_color | quality_score=0.7788; color_confidence=0.943; background_complexity=0.377; foreground_dominant_share=0.0572
train_06122,data/processed/stanford_cars/clean_crops/train_06122.jpg,data/raw/stanford_cars/cars_train/06122.jpg,red,manual_review_v3,,yes,no,no,,,,manual_expansion_include_v3 | manual_expansion_include_clean_visual_color | quality_score=0.7762; color_confidence=0.943; background_complexity=0.5253; foreground_dominant_share=0.1487
train_06236,data/processed/stanford_cars/clean_crops/train_06236.jpg,data/raw/stanford_cars/cars_train/06236.jpg,red,reviewed,,yes,no,no,,,,codex_single_review_contact_sheet_confirmed: reviewed=red
train_06365,data/processed/stanford_cars/clean_crops/train_06365.jpg,data/raw/stanford_cars/cars_train/06365.jpg,red,reviewed,,yes,no,no,,,,codex_single_review_contact_sheet_confirmed: reviewed=red
train_06464,data/processed/stanford_cars/clean_crops/train_06464.jpg,data/raw/stanford_cars/cars_train/06464.jpg,red,reviewed,,yes,no,no,,,,codex_single_review_contact_sheet_confirmed: reviewed=red
train_07332,data/processed/stanford_cars/clean_crops/train_07332.jpg,data/raw/stanford_cars/cars_train/07332.jpg,red,reviewed,,yes,no,no,,,,codex_single_review_contact_sheet_confirmed: reviewed=red
train_07371,data/processed/stanford_cars/clean_crops/train_07371.jpg,data/raw/stanford_cars/cars_train/07371.jpg,red,reviewed,,yes,no,no,,,,codex_single_review_contact_sheet_confirmed: reviewed=red
train_07492,data/processed/stanford_cars/clean_crops/train_07492.jpg,data/raw/stanford_cars/cars_train/07492.jpg,red,manual_review_v3,,yes,no,no,,,,manual_expansion_include_v3 | manual_expansion_include_clean_visual_color | quality_score=0.7794; color_confidence=0.947; background_complexity=0.3465; foreground_dominant_share=0.0637
train_07790,data/processed/stanford_cars/clean_crops/train_07790.jpg,data/raw/stanford_cars/cars_train/07790.jpg,red,reviewed,,yes,no,no,,,,codex_single_review_contact_sheet_confirmed: reviewed=red
test_00209,data/processed/stanford_cars/clean_crops/test_00209.jpg,data/raw/stanford_cars/cars_test/00209.jpg,white,reviewed,,yes,yes,no,,,,prior_issue_flag | codex_single_review_contact_sheet_correction: provisional=gray -> reviewed=white
test_00806,data/processed/stanford_cars/clean_crops/test_00806.jpg,data/raw/stanford_cars/cars_test/00806.jpg,white,manual_review_v3,,yes,no,no,,,,manual_expansion_include_v3 | manual_expansion_include_clean_visual_color | quality_score=0.7791; color_confidence=0.888; background_complexity=0.4838; foreground_dominant_share=0.2213
test_01450,data/processed/stanford_cars/clean_crops/test_01450.jpg,data/raw/stanford_cars/cars_test/01450.jpg,white,manual_review_v3,,yes,no,no,,,,manual_expansion_include_v3 | manual_expansion_include_clean_visual_color | quality_score=0.7743; color_confidence=0.859; background_complexity=0.4929; foreground_dominant_share=0.2895
test_01841,data/processed/stanford_cars/clean_crops/test_01841.jpg,data/raw/stanford_cars/cars_test/01841.jpg,white,manual_review_v3,,yes,no,no,,,,manual_expansion_include_v3 | manual_expansion_include_clean_visual_color | quality_score=0.7715; color_confidence=0.883; background_complexity=0.5302; foreground_dominant_share=0.2385
test_01993,data/processed/stanford_cars/clean_crops/test_01993.jpg,data/raw/stanford_cars/cars_test/01993.jpg,white,reviewed,,yes,yes,no,,,,prior_issue_flag | codex_single_review_contact_sheet_correction: provisional=gray -> reviewed=white
test_02024,data/processed/stanford_cars/clean_crops/test_02024.jpg,data/raw/stanford_cars/cars_test/02024.jpg,white,manual_review_v3,,yes,no,no,,,,manual_expansion_include_v3 | manual_expansion_include_clean_visual_color | quality_score=0.7634; color_confidence=0.838; background_complexity=0.369; foreground_dominant_share=0.1727
test_03599,data/processed/stanford_cars/clean_crops/test_03599.jpg,data/raw/stanford_cars/cars_test/03599.jpg,white,manual_review_v3,,yes,no,no,,,,manual_expansion_include_v3 | manual_expansion_include_clean_visual_color | quality_score=0.7718; color_confidence=0.851; background_complexity=0.538; foreground_dominant_share=0.2654
test_03751,data/processed/stanford_cars/clean_crops/test_03751.jpg,data/raw/stanford_cars/cars_test/03751.jpg,white,reviewed,,yes,no,no,,,,codex_single_review_contact_sheet_confirmed: reviewed=white
test_03865,data/processed/stanford_cars/clean_crops/test_03865.jpg,data/raw/stanford_cars/cars_test/03865.jpg,white,reviewed,,yes,no,no,,,,codex_single_review_contact_sheet_confirmed: reviewed=white
test_06383,data/processed/stanford_cars/clean_crops/test_06383.jpg,data/raw/stanford_cars/cars_test/06383.jpg,white,reviewed,,yes,no,no,,,,codex_single_review_contact_sheet_confirmed: reviewed=white
test_08029,data/processed/stanford_cars/clean_crops/test_08029.jpg,data/raw/stanford_cars/cars_test/08029.jpg,white,manual_review_v3,,yes,no,no,,,,manual_expansion_include_v3 | manual_expansion_include_clean_visual_color | quality_score=0.7631; color_confidence=0.833; background_complexity=0.325; foreground_dominant_share=0.1855
train_00209,data/processed/stanford_cars/clean_crops/train_00209.jpg,data/raw/stanford_cars/cars_train/00209.jpg,white,manual_review_v3,,yes,no,no,,,,manual_expansion_include_v3 | manual_expansion_include_clean_visual_color | quality_score=0.7679; color_confidence=0.834; background_complexity=0.5474; foreground_dominant_share=0.2605
train_00272,data/processed/stanford_cars/clean_crops/train_00272.jpg,data/raw/stanford_cars/cars_train/00272.jpg,white,reviewed,,yes,no,no,,,,codex_single_review_contact_sheet_confirmed: reviewed=white
train_00594,data/processed/stanford_cars/clean_crops/train_00594.jpg,data/raw/stanford_cars/cars_train/00594.jpg,white,manual_review_v3,,yes,no,no,,,,manual_expansion_include_v3 | manual_expansion_include_clean_visual_color | quality_score=0.7822; color_confidence=0.908; background_complexity=0.4696; foreground_dominant_share=0.383
train_00925,data/processed/stanford_cars/clean_crops/train_00925.jpg,data/raw/stanford_cars/cars_train/00925.jpg,white,reviewed,,yes,yes,no,,,,prior_issue_flag | codex_single_review_contact_sheet_correction: provisional=silver -> reviewed=white
train_01438,data/processed/stanford_cars/clean_crops/train_01438.jpg,data/raw/stanford_cars/cars_train/01438.jpg,white,manual_review_v3,,yes,no,no,,,,manual_expansion_include_v3 | manual_expansion_include_clean_visual_color | quality_score=0.7707; color_confidence=0.852; background_complexity=0.4669; foreground_dominant_share=0.1931
train_01917,data/processed/stanford_cars/clean_crops/train_01917.jpg,data/raw/stanford_cars/cars_train/01917.jpg,white,reviewed,,yes,no,no,,,,codex_single_review_contact_sheet_confirmed: reviewed=white
train_02219,data/processed/stanford_cars/clean_crops/train_02219.jpg,data/raw/stanford_cars/cars_train/02219.jpg,white,manual_review_v3,,yes,no,no,,,,manual_expansion_include_v3 | manual_expansion_include_clean_visual_color | quality_score=0.7776; color_confidence=0.82; background_complexity=0.471; foreground_dominant_share=0.2145
train_03125,data/processed/stanford_cars/clean_crops/train_03125.jpg,data/raw/stanford_cars/cars_train/03125.jpg,white,reviewed,,yes,yes,no,,,,prior_issue_flag | codex_single_review_contact_sheet_correction: provisional=gray -> reviewed=white
train_05215,data/processed/stanford_cars/clean_crops/train_05215.jpg,data/raw/stanford_cars/cars_train/05215.jpg,white,manual_review_v3,,yes,no,no,,,,manual_expansion_include_v3 | manual_expansion_include_clean_visual_color | quality_score=0.78; color_confidence=0.849; background_complexity=0.4769; foreground_dominant_share=0.161
train_05773,data/processed/stanford_cars/clean_crops/train_05773.jpg,data/raw/stanford_cars/cars_train/05773.jpg,white,reviewed,,yes,no,no,,,,codex_single_review_contact_sheet_confirmed: reviewed=white
train_05942,data/processed/stanford_cars/clean_crops/train_05942.jpg,data/raw/stanford_cars/cars_train/05942.jpg,white,reviewed,,yes,no,no,,,,codex_single_review_contact_sheet_confirmed: reviewed=white
train_06150,data/processed/stanford_cars/clean_crops/train_06150.jpg,data/raw/stanford_cars/cars_train/06150.jpg,white,reviewed,,yes,yes,no,,,,prior_issue_flag | codex_second_review_correction: reviewed=other -> white; reason=other_wrong_audit
train_07139,data/processed/stanford_cars/clean_crops/train_07139.jpg,data/raw/stanford_cars/cars_train/07139.jpg,white,reviewed,,yes,yes,no,,,,prior_issue_flag | codex_single_review_contact_sheet_correction: provisional=gray -> reviewed=white
train_07828,data/processed/stanford_cars/clean_crops/train_07828.jpg,data/raw/stanford_cars/cars_train/07828.jpg,white,reviewed,,yes,no,no,,,,codex_single_review_contact_sheet_confirmed: reviewed=white
test_00630,data/processed/stanford_cars/clean_crops/test_00630.jpg,data/raw/stanford_cars/cars_test/00630.jpg,yellow,manual_review_v3,,yes,no,no,,,,manual_expansion_include_v3 | manual_expansion_include_clean_visual_color | quality_score=0.7798; color_confidence=0.933; background_complexity=0.4928; foreground_dominant_share=0.0807
test_02182,data/processed/stanford_cars/clean_crops/test_02182.jpg,data/raw/stanford_cars/cars_test/02182.jpg,yellow,manual_review_v3,,yes,no,no,,,,manual_expansion_include_v3 | manual_expansion_include_clean_visual_color | quality_score=0.7616; color_confidence=0.937; background_complexity=0.5954; foreground_dominant_share=0.2105
test_05721,data/processed/stanford_cars/clean_crops/test_05721.jpg,data/raw/stanford_cars/cars_test/05721.jpg,yellow,manual_review_v3,,yes,no,no,,,,manual_expansion_include_v3 | manual_expansion_include_clean_visual_color | quality_score=0.7814; color_confidence=0.958; background_complexity=0.2341; foreground_dominant_share=0.1572
test_06344,data/processed/stanford_cars/clean_crops/test_06344.jpg,data/raw/stanford_cars/cars_test/06344.jpg,yellow,reviewed,,yes,no,no,,,,codex_single_review_contact_sheet_confirmed: reviewed=yellow
train_00853,data/processed/stanford_cars/clean_crops/train_00853.jpg,data/raw/stanford_cars/cars_train/00853.jpg,yellow,manual_review_v3,,yes,no,no,,,,manual_expansion_include_v3 | manual_expansion_include_clean_visual_color | quality_score=0.7604; color_confidence=0.941; background_complexity=0.6567; foreground_dominant_share=0.1678
train_02117,data/processed/stanford_cars/clean_crops/train_02117.jpg,data/raw/stanford_cars/cars_train/02117.jpg,yellow,reviewed,,yes,no,no,,,,codex_single_review_contact_sheet_confirmed: reviewed=yellow
train_03119,data/processed/stanford_cars/clean_crops/train_03119.jpg,data/raw/stanford_cars/cars_train/03119.jpg,yellow,manual_review_v3,,yes,no,no,,,,manual_expansion_include_v3 | manual_expansion_include_clean_visual_color | quality_score=0.766; color_confidence=0.941; background_complexity=0.5693; foreground_dominant_share=0.1026
test_00851,data/processed/stanford_cars/clean_crops/test_00851.jpg,data/raw/stanford_cars/cars_test/00851.jpg,blue,manual_review_v3,,no,no,no,,,,do_not_use_in_formal_v3 | quality_score=0.7645; color_confidence=0.949; background_complexity=0.5108; foreground_dominant_share=0.1567
test_01079,data/processed/stanford_cars/clean_crops/test_01079.jpg,data/raw/stanford_cars/cars_test/01079.jpg,blue,manual_review_v3,,no,no,yes,,,,"body_core=chromatic; top_scores=[('blue', 1568.8027325943112), ('yellow', 13.97953985631466)]; dominant_share=0.157"
test_01606,data/processed/stanford_cars/clean_crops/test_01606.jpg,data/raw/stanford_cars/cars_test/01606.jpg,blue,manual_review_v3,,no,no,no,,,,do_not_use_in_formal_v3 | quality_score=0.7668; color_confidence=0.945; background_complexity=0.6354; foreground_dominant_share=0.1558
test_02823,data/processed/stanford_cars/clean_crops/test_02823.jpg,data/raw/stanford_cars/cars_test/02823.jpg,blue,manual_review_v3,,no,no,yes,,,,"body_core=chromatic; top_scores=[('blue', 1648.8541694954038), ('red', 0.4395192414522171)]; dominant_share=0.070"
test_03109,data/processed/stanford_cars/clean_crops/test_03109.jpg,data/raw/stanford_cars/cars_test/03109.jpg,blue,manual_review_v3,,no,no,no,,,,do_not_use_in_formal_v3 | quality_score=0.7649; color_confidence=0.948; background_complexity=0.5254; foreground_dominant_share=0.2172
test_03251,data/processed/stanford_cars/clean_crops/test_03251.jpg,data/raw/stanford_cars/cars_test/03251.jpg,blue,manual_review_v3,,no,no,no,,,,do_not_use_in_formal_v3 | quality_score=0.7629; color_confidence=0.937; background_complexity=0.5081; foreground_dominant_share=0.1513
test_04952,data/processed/stanford_cars/clean_crops/test_04952.jpg,data/raw/stanford_cars/cars_test/04952.jpg,black,manual_review_v3,,no,no,yes,,,,reviewer_check_needed | codex_single_review_contact_sheet_confirmed: reviewed=black | residual_black_vehicle_misread_after_v2_refresh | reviewer_check_needed | codex_single_review_contact_sheet_confirmed: reviewed=black | residual_black_vehicle_misread_after_v2_refresh | body_core=neutral_dark; dark_neutral=0.560; dominant_share=0.459
test_05175,data/processed/stanford_cars/clean_crops/test_05175.jpg,data/raw/stanford_cars/cars_test/05175.jpg,black,manual_review_v3,,no,no,yes,,,,body_core=neutral_dark; dark_neutral=0.469; dominant_share=0.265
test_05224,data/processed/stanford_cars/clean_crops/test_05224.jpg,data/raw/stanford_cars/cars_test/05224.jpg,blue,manual_review_v3,,no,no,no,,,,do_not_use_in_formal_v3 | quality_score=0.7783; color_confidence=0.95; background_complexity=0.5798; foreground_dominant_share=0.169
test_06253,data/processed/stanford_cars/clean_crops/test_06253.jpg,data/raw/stanford_cars/cars_test/06253.jpg,blue,manual_review_v3,,no,no,no,,,,do_not_use_in_formal_v3 | quality_score=0.7773; color_confidence=0.954; background_complexity=0.5471; foreground_dominant_share=0.1607
test_06328,data/processed/stanford_cars/clean_crops/test_06328.jpg,data/raw/stanford_cars/cars_test/06328.jpg,blue,manual_review_v3,,no,no,yes,,,,"codex_single_review_contact_sheet_confirmed: reviewed=blue | codex_single_review_contact_sheet_confirmed: reviewed=blue | body_core=chromatic; top_scores=[('blue', 522.1971382498741), ('red', 0.18918778002262115)]; dominant_share=0.347"
test_06708,data/processed/stanford_cars/clean_crops/test_06708.jpg,data/raw/stanford_cars/cars_test/06708.jpg,black,manual_review_v3,,no,yes,yes,,,,"prior_issue_flag | codex_second_review_correction: reviewed=blue -> black; reason=other_wrong_audit | prior_issue_flag | codex_second_review_correction: reviewed=blue -> black; reason=other_wrong_audit | body_core=chromatic; top_scores=[('blue', 184.22441636770964), ('orange', 27.526088774204254)]; dominant_share=0.397"
test_06787,data/processed/stanford_cars/clean_crops/test_06787.jpg,data/raw/stanford_cars/cars_test/06787.jpg,black,manual_review_v3,,no,yes,yes,,,,"prior_issue_flag | codex_second_review_correction: reviewed=red -> black; reason=other_wrong_audit | prior_issue_flag | codex_second_review_correction: reviewed=red -> black; reason=other_wrong_audit | body_core=chromatic; top_scores=[('red', 52.2631563693285), ('brown', 10.427747465670109)]; dominant_share=0.508"
test_07319,data/processed/stanford_cars/clean_crops/test_07319.jpg,data/raw/stanford_cars/cars_test/07319.jpg,white,manual_review_v3,,no,no,no,,,,do_not_use_in_formal_v3 | quality_score=0.7643; color_confidence=0.832; background_complexity=0.4293; foreground_dominant_share=0.2381
test_07434,data/processed/stanford_cars/clean_crops/test_07434.jpg,data/raw/stanford_cars/cars_test/07434.jpg,blue,manual_review_v3,,no,no,no,,,,do_not_use_in_formal_v3 | quality_score=0.7596; color_confidence=0.929; background_complexity=0.5296; foreground_dominant_share=0.1501
test_07887,data/processed/stanford_cars/clean_crops/test_07887.jpg,data/raw/stanford_cars/cars_test/07887.jpg,blue,manual_review_v3,,no,no,no,,,,do_not_use_in_formal_v3 | quality_score=0.7615; color_confidence=0.947; background_complexity=0.5021; foreground_dominant_share=0.2258
test_07916,data/processed/stanford_cars/clean_crops/test_07916.jpg,data/raw/stanford_cars/cars_test/07916.jpg,blue,manual_review_v3,,no,no,no,,,,do_not_use_in_formal_v3 | quality_score=0.7626; color_confidence=0.949; background_complexity=0.3782; foreground_dominant_share=0.1243
train_00043,data/processed/stanford_cars/clean_crops/train_00043.jpg,data/raw/stanford_cars/cars_train/00043.jpg,blue,manual_review_v3,,no,no,no,,,,do_not_use_in_formal_v3 | quality_score=0.7688; color_confidence=0.91; background_complexity=0.4909; foreground_dominant_share=0.1135
train_01346,data/processed/stanford_cars/clean_crops/train_01346.jpg,data/raw/stanford_cars/cars_train/01346.jpg,black,manual_review_v3,,no,yes,yes,,,,"prior_issue_flag | reviewer_check_needed | codex_single_review_contact_sheet_correction: provisional=other -> reviewed=black | residual_black_vehicle_misread_after_v2_refresh | prior_issue_flag | reviewer_check_needed | codex_single_review_contact_sheet_correction: provisional=other -> reviewed=black | residual_black_vehicle_misread_after_v2_refresh | body_core=chromatic; top_scores=[('orange', 68.24114067107439), ('red', 37.50356621295214)]; dominant_share=0.518"
train_02068,data/processed/stanford_cars/clean_crops/train_02068.jpg,data/raw/stanford_cars/cars_train/02068.jpg,blue,manual_review_v3,,no,no,no,,,,do_not_use_in_formal_v3 | quality_score=0.7796; color_confidence=0.911; background_complexity=0.6073; foreground_dominant_share=0.1262
train_02754,data/processed/stanford_cars/clean_crops/train_02754.jpg,data/raw/stanford_cars/cars_train/02754.jpg,blue,manual_review_v3,,no,no,no,,,,do_not_use_in_formal_v3 | quality_score=0.7606; color_confidence=0.959; background_complexity=0.33; foreground_dominant_share=0.2349
train_04054,data/processed/stanford_cars/clean_crops/train_04054.jpg,data/raw/stanford_cars/cars_train/04054.jpg,blue,manual_review_v3,,no,no,yes,,,,"body_core=chromatic; top_scores=[('blue', 6389.880797289312), ('red', 4.0514587461948395)]; dominant_share=0.192"
train_04428,data/processed/stanford_cars/clean_crops/train_04428.jpg,data/raw/stanford_cars/cars_train/04428.jpg,blue,manual_review_v3,,no,no,no,,,,do_not_use_in_formal_v3 | quality_score=0.7818; color_confidence=0.938; background_complexity=0.549; foreground_dominant_share=0.0621
train_05810,data/processed/stanford_cars/clean_crops/train_05810.jpg,data/raw/stanford_cars/cars_train/05810.jpg,blue,manual_review_v3,,no,no,no,,,,do_not_use_in_formal_v3 | quality_score=0.7652; color_confidence=0.952; background_complexity=0.6048; foreground_dominant_share=0.1215
train_06119,data/processed/stanford_cars/clean_crops/train_06119.jpg,data/raw/stanford_cars/cars_train/06119.jpg,blue,manual_review_v3,,no,no,no,,,,do_not_use_in_formal_v3 | quality_score=0.7797; color_confidence=0.937; background_complexity=0.5926; foreground_dominant_share=0.1016
train_07422,data/processed/stanford_cars/clean_crops/train_07422.jpg,data/raw/stanford_cars/cars_train/07422.jpg,black,manual_review_v3,,no,no,yes,,,,body_core=neutral_dark; dark_neutral=0.471; dominant_share=0.373
train_07923,data/processed/stanford_cars/clean_crops/train_07923.jpg,data/raw/stanford_cars/cars_train/07923.jpg,blue,manual_review_v3,,no,no,no,,,,do_not_use_in_formal_v3 | quality_score=0.7736; color_confidence=0.943; background_complexity=0.5866; foreground_dominant_share=0.1584
